v 0.0338 0.0442 -0.1700
vt 0.1667 0.5
v 0.0338 0.0002 -0.1700
vt 0.1667 0.5
v 0.0000 0.0002 -0.1733
vt 0.1667 0.5
v 0.0000 0.0442 -0.1733
vt 0.1667 0.5
v 0.0663 0.0442 -0.1601
vt 0.1667 0.5
v 0.0663 0.0002 -0.1601
vt 0.1667 0.5
v 0.0338 0.0002 -0.1700
vt 0.1667 0.5
v 0.0338 0.0442 -0.1700
vt 0.1667 0.5
v 0.0963 0.0442 -0.1441
vt 0.1667 0.5
v 0.0963 0.0002 -0.1441
vt 0.1667 0.5
v 0.0663 0.0002 -0.1601
vt 0.1667 0.5
v 0.0663 0.0442 -0.1601
vt 0.1667 0.5
v 0.1226 0.0442 -0.1226
vt 0.1667 0.5
v 0.1226 0.0002 -0.1226
vt 0.1667 0.5
v 0.0963 0.0002 -0.1441
vt 0.1667 0.5
v 0.0963 0.0442 -0.1441
vt 0.1667 0.5
v 0.1441 0.0442 -0.0963
vt 0.1667 0.5
v 0.1441 0.0002 -0.0963
vt 0.1667 0.5
v 0.1226 0.0002 -0.1226
vt 0.1667 0.5
v 0.1226 0.0442 -0.1226
vt 0.1667 0.5
v 0.1601 0.0442 -0.0663
vt 0.1667 0.5
v 0.1601 0.0002 -0.0663
vt 0.1667 0.5
v 0.1441 0.0002 -0.0963
vt 0.1667 0.5
v 0.1441 0.0442 -0.0963
vt 0.1667 0.5
v 0.1700 0.0442 -0.0338
vt 0.1667 0.5
v 0.1700 0.0002 -0.0338
vt 0.1667 0.5
v 0.1601 0.0002 -0.0663
vt 0.1667 0.5
v 0.1601 0.0442 -0.0663
vt 0.1667 0.5
v 0.1733 0.0442 -0.0000
vt 0.1667 0.5
v 0.1733 0.0002 -0.0000
vt 0.1667 0.5
v 0.1700 0.0002 -0.0338
vt 0.1667 0.5
v 0.1700 0.0442 -0.0338
vt 0.1667 0.5
v 0.1700 0.0442 0.0338
vt 0.1667 0.5
v 0.1700 0.0002 0.0338
vt 0.1667 0.5
v 0.1733 0.0002 -0.0000
vt 0.1667 0.5
v 0.1733 0.0442 -0.0000
vt 0.1667 0.5
v 0.1601 0.0442 0.0663
vt 0.1667 0.5
v 0.1601 0.0002 0.0663
vt 0.1667 0.5
v 0.1700 0.0002 0.0338
vt 0.1667 0.5
v 0.1700 0.0442 0.0338
vt 0.1667 0.5
v 0.1441 0.0442 0.0963
vt 0.1667 0.5
v 0.1441 0.0002 0.0963
vt 0.1667 0.5
v 0.1601 0.0002 0.0663
vt 0.1667 0.5
v 0.1601 0.0442 0.0663
vt 0.1667 0.5
v 0.1226 0.0442 0.1226
vt 0.1667 0.5
v 0.1226 0.0002 0.1226
vt 0.1667 0.5
v 0.1441 0.0002 0.0963
vt 0.1667 0.5
v 0.1441 0.0442 0.0963
vt 0.1667 0.5
v 0.0963 0.0442 0.1441
vt 0.1667 0.5
v 0.0963 0.0002 0.1441
vt 0.1667 0.5
v 0.1226 0.0002 0.1226
vt 0.1667 0.5
v 0.1226 0.0442 0.1226
vt 0.1667 0.5
v 0.0663 0.0442 0.1601
vt 0.1667 0.5
v 0.0663 0.0002 0.1601
vt 0.1667 0.5
v 0.0963 0.0002 0.1441
vt 0.1667 0.5
v 0.0963 0.0442 0.1441
vt 0.1667 0.5
v 0.0338 0.0442 0.1700
vt 0.1667 0.5
v 0.0338 0.0002 0.1700
vt 0.1667 0.5
v 0.0663 0.0002 0.1601
vt 0.1667 0.5
v 0.0663 0.0442 0.1601
vt 0.1667 0.5
v 0.0000 0.0442 0.1733
vt 0.1667 0.5
v 0.0000 0.0002 0.1733
vt 0.1667 0.5
v 0.0338 0.0002 0.1700
vt 0.1667 0.5
v 0.0338 0.0442 0.1700
vt 0.1667 0.5
v -0.0338 0.0442 0.1700
vt 0.1667 0.5
v -0.0338 0.0002 0.1700
vt 0.1667 0.5
v 0.0000 0.0002 0.1733
vt 0.1667 0.5
v 0.0000 0.0442 0.1733
vt 0.1667 0.5
v -0.0663 0.0442 0.1601
vt 0.1667 0.5
v -0.0663 0.0002 0.1601
vt 0.1667 0.5
v -0.0338 0.0002 0.1700
vt 0.1667 0.5
v -0.0338 0.0442 0.1700
vt 0.1667 0.5
v -0.0963 0.0442 0.1441
vt 0.1667 0.5
v -0.0963 0.0002 0.1441
vt 0.1667 0.5
v -0.0663 0.0002 0.1601
vt 0.1667 0.5
v -0.0663 0.0442 0.1601
vt 0.1667 0.5
v -0.1226 0.0442 0.1226
vt 0.1667 0.5
v -0.1226 0.0002 0.1226
vt 0.1667 0.5
v -0.0963 0.0002 0.1441
vt 0.1667 0.5
v -0.0963 0.0442 0.1441
vt 0.1667 0.5
v -0.1441 0.0442 0.0963
vt 0.1667 0.5
v -0.1441 0.0002 0.0963
vt 0.1667 0.5
v -0.1226 0.0002 0.1226
vt 0.1667 0.5
v -0.1226 0.0442 0.1226
vt 0.1667 0.5
v -0.1601 0.0442 0.0663
vt 0.1667 0.5
v -0.1601 0.0002 0.0663
vt 0.1667 0.5
v -0.1441 0.0002 0.0963
vt 0.1667 0.5
v -0.1441 0.0442 0.0963
vt 0.1667 0.5
v -0.1700 0.0442 0.0338
vt 0.1667 0.5
v -0.1700 0.0002 0.0338
vt 0.1667 0.5
v -0.1601 0.0002 0.0663
vt 0.1667 0.5
v -0.1601 0.0442 0.0663
vt 0.1667 0.5
v -0.1733 0.0442 -0.0000
vt 0.1667 0.5
v -0.1733 0.0002 -0.0000
vt 0.1667 0.5
v -0.1700 0.0002 0.0338
vt 0.1667 0.5
v -0.1700 0.0442 0.0338
vt 0.1667 0.5
v -0.1700 0.0442 -0.0338
vt 0.1667 0.5
v -0.1700 0.0002 -0.0338
vt 0.1667 0.5
v -0.1733 0.0002 -0.0000
vt 0.1667 0.5
v -0.1733 0.0442 -0.0000
vt 0.1667 0.5
v -0.1601 0.0442 -0.0663
vt 0.1667 0.5
v -0.1601 0.0002 -0.0663
vt 0.1667 0.5
v -0.1700 0.0002 -0.0338
vt 0.1667 0.5
v -0.1700 0.0442 -0.0338
vt 0.1667 0.5
v -0.1441 0.0442 -0.0963
vt 0.1667 0.5
v -0.1441 0.0002 -0.0963
vt 0.1667 0.5
v -0.1601 0.0002 -0.0663
vt 0.1667 0.5
v -0.1601 0.0442 -0.0663
vt 0.1667 0.5
v -0.1226 0.0442 -0.1226
vt 0.1667 0.5
v -0.1226 0.0002 -0.1226
vt 0.1667 0.5
v -0.1441 0.0002 -0.0963
vt 0.1667 0.5
v -0.1441 0.0442 -0.0963
vt 0.1667 0.5
v -0.0963 0.0442 -0.1441
vt 0.1667 0.5
v -0.0963 0.0002 -0.1441
vt 0.1667 0.5
v -0.1226 0.0002 -0.1226
vt 0.1667 0.5
v -0.1226 0.0442 -0.1226
vt 0.1667 0.5
v -0.0663 0.0442 -0.1601
vt 0.1667 0.5
v -0.0663 0.0002 -0.1601
vt 0.1667 0.5
v -0.0963 0.0002 -0.1441
vt 0.1667 0.5
v -0.0963 0.0442 -0.1441
vt 0.1667 0.5
v -0.0189 0.1035 0.0283
vt 0.1667 0.5
v -0.0189 0.0442 0.0283
vt 0.1667 0.5
v -0.0130 0.0442 0.0314
vt 0.1667 0.5
v -0.0130 0.1035 0.0314
vt 0.1667 0.5
v -0.0338 0.0442 -0.1700
vt 0.1667 0.5
v -0.0338 0.0002 -0.1700
vt 0.1667 0.5
v -0.0663 0.0002 -0.1601
vt 0.1667 0.5
v -0.0663 0.0442 -0.1601
vt 0.1667 0.5
v 0.0000 0.0442 -0.1733
vt 0.1667 0.5
v 0.0000 0.0002 -0.1733
vt 0.1667 0.5
v -0.0338 0.0002 -0.1700
vt 0.1667 0.5
v -0.0338 0.0442 -0.1700
vt 0.1667 0.5
v -0.0338 0.0002 -0.1700
vt 0.1667 0.5
v 0.0000 0.0002 -0.1733
vt 0.1667 0.5
v 0.0338 0.0002 -0.1700
vt 0.1667 0.5
v -0.0663 0.0002 -0.1601
vt 0.1667 0.5
v 0.0663 0.0002 -0.1601
vt 0.1667 0.5
v -0.0963 0.0002 -0.1441
vt 0.1667 0.5
v 0.0963 0.0002 -0.1441
vt 0.1667 0.5
v -0.1226 0.0002 -0.1226
vt 0.1667 0.5
v 0.1226 0.0002 -0.1226
vt 0.1667 0.5
v -0.1441 0.0002 -0.0963
vt 0.1667 0.5
v 0.1441 0.0002 -0.0963
vt 0.1667 0.5
v -0.1601 0.0002 -0.0663
vt 0.1667 0.5
v 0.1601 0.0002 -0.0663
vt 0.1667 0.5
v -0.1700 0.0002 -0.0338
vt 0.1667 0.5
v 0.1700 0.0002 -0.0338
vt 0.1667 0.5
v -0.1733 0.0002 -0.0000
vt 0.1667 0.5
v 0.1733 0.0002 -0.0000
vt 0.1667 0.5
v -0.1700 0.0002 0.0338
vt 0.1667 0.5
v 0.1700 0.0002 0.0338
vt 0.1667 0.5
v -0.1601 0.0002 0.0663
vt 0.1667 0.5
v 0.1601 0.0002 0.0663
vt 0.1667 0.5
v -0.1441 0.0002 0.0963
vt 0.1667 0.5
v 0.1441 0.0002 0.0963
vt 0.1667 0.5
v -0.1226 0.0002 0.1226
vt 0.1667 0.5
v 0.1226 0.0002 0.1226
vt 0.1667 0.5
v -0.0963 0.0002 0.1441
vt 0.1667 0.5
v 0.0963 0.0002 0.1441
vt 0.1667 0.5
v -0.0663 0.0002 0.1601
vt 0.1667 0.5
v 0.0663 0.0002 0.1601
vt 0.1667 0.5
v -0.0338 0.0002 0.1700
vt 0.1667 0.5
v 0.0338 0.0002 0.1700
vt 0.1667 0.5
v 0.0000 0.0002 0.1733
vt 0.1667 0.5
v 0.0338 0.0442 -0.1700
vt 0.1667 0.5
v 0.0000 0.0442 -0.1733
vt 0.1667 0.5
v 0.0000 0.0442 -0.0340
vt 0.1667 0.5
v 0.0066 0.0442 -0.0333
vt 0.1667 0.5
v 0.0663 0.0442 -0.1601
vt 0.1667 0.5
v 0.0130 0.0442 -0.0314
vt 0.1667 0.5
v 0.0963 0.0442 -0.1441
vt 0.1667 0.5
v 0.0663 0.0442 -0.1601
vt 0.1667 0.5
v 0.0130 0.0442 -0.0314
vt 0.1667 0.5
v 0.0189 0.0442 -0.0283
vt 0.1667 0.5
v 0.1226 0.0442 -0.1226
vt 0.1667 0.5
v 0.0240 0.0442 -0.0240
vt 0.1667 0.5
v 0.1441 0.0442 -0.0963
vt 0.1667 0.5
v 0.1226 0.0442 -0.1226
vt 0.1667 0.5
v 0.0240 0.0442 -0.0240
vt 0.1667 0.5
v 0.0283 0.0442 -0.0189
vt 0.1667 0.5
v 0.1601 0.0442 -0.0663
vt 0.1667 0.5
v 0.0314 0.0442 -0.0130
vt 0.1667 0.5
v 0.1700 0.0442 -0.0338
vt 0.1667 0.5
v 0.0333 0.0442 -0.0066
vt 0.1667 0.5
v 0.1733 0.0442 -0.0000
vt 0.1667 0.5
v 0.0340 0.0442 0.0000
vt 0.1667 0.5
v 0.1700 0.0442 0.0338
vt 0.1667 0.5
v 0.0333 0.0442 0.0066
vt 0.1667 0.5
v 0.0314 0.0442 0.0130
vt 0.1667 0.5
v 0.1601 0.0442 0.0663
vt 0.1667 0.5
v 0.0283 0.0442 0.0189
vt 0.1667 0.5
v 0.1441 0.0442 0.0963
vt 0.1667 0.5
v 0.1441 0.0442 0.0963
vt 0.1667 0.5
v 0.0283 0.0442 0.0189
vt 0.1667 0.5
v 0.0240 0.0442 0.0240
vt 0.1667 0.5
v 0.1226 0.0442 0.1226
vt 0.1667 0.5
v 0.1226 0.0442 0.1226
vt 0.1667 0.5
v 0.0240 0.0442 0.0240
vt 0.1667 0.5
v 0.0189 0.0442 0.0283
vt 0.1667 0.5
v 0.0963 0.0442 0.1441
vt 0.1667 0.5
v 0.0963 0.0442 0.1441
vt 0.1667 0.5
v 0.0189 0.0442 0.0283
vt 0.1667 0.5
v 0.0130 0.0442 0.0314
vt 0.1667 0.5
v 0.0663 0.0442 0.1601
vt 0.1667 0.5
v 0.0663 0.0442 0.1601
vt 0.1667 0.5
v 0.0130 0.0442 0.0314
vt 0.1667 0.5
v 0.0066 0.0442 0.0333
vt 0.1667 0.5
v 0.0338 0.0442 0.1700
vt 0.1667 0.5
v 0.0000 0.0442 0.0340
vt 0.1667 0.5
v 0.0000 0.0442 0.1733
vt 0.1667 0.5
v 0.0000 0.0442 0.0340
vt 0.1667 0.5
v -0.0066 0.0442 0.0333
vt 0.1667 0.5
v -0.0338 0.0442 0.1700
vt 0.1667 0.5
v 0.0000 0.0442 0.1733
vt 0.1667 0.5
v -0.0066 0.0442 0.0333
vt 0.1667 0.5
v -0.0130 0.0442 0.0314
vt 0.1667 0.5
v -0.0663 0.0442 0.1601
vt 0.1667 0.5
v -0.0338 0.0442 0.1700
vt 0.1667 0.5
v -0.0189 0.0442 0.0283
vt 0.1667 0.5
v -0.0963 0.0442 0.1441
vt 0.1667 0.5
v -0.0240 0.0442 0.0240
vt 0.1667 0.5
v -0.1226 0.0442 0.1226
vt 0.1667 0.5
v -0.0283 0.0442 0.0189
vt 0.1667 0.5
v -0.1441 0.0442 0.0963
vt 0.1667 0.5
v -0.0283 0.0442 0.0189
vt 0.1667 0.5
v -0.0314 0.0442 0.0130
vt 0.1667 0.5
v -0.1601 0.0442 0.0663
vt 0.1667 0.5
v -0.1441 0.0442 0.0963
vt 0.1667 0.5
v -0.0314 0.0442 0.0130
vt 0.1667 0.5
v -0.0333 0.0442 0.0066
vt 0.1667 0.5
v -0.1700 0.0442 0.0338
vt 0.1667 0.5
v -0.1601 0.0442 0.0663
vt 0.1667 0.5
v -0.0340 0.0442 -0.0000
vt 0.1667 0.5
v -0.1733 0.0442 -0.0000
vt 0.1667 0.5
v -0.0333 0.0442 -0.0066
vt 0.1667 0.5
v -0.1700 0.0442 -0.0338
vt 0.1667 0.5
v -0.0314 0.0442 -0.0130
vt 0.1667 0.5
v -0.1601 0.0442 -0.0663
vt 0.1667 0.5
v -0.0283 0.0442 -0.0189
vt 0.1667 0.5
v -0.1441 0.0442 -0.0963
vt 0.1667 0.5
v -0.0240 0.0442 -0.0240
vt 0.1667 0.5
v -0.1226 0.0442 -0.1226
vt 0.1667 0.5
v -0.0189 0.0442 -0.0283
vt 0.1667 0.5
v -0.0963 0.0442 -0.1441
vt 0.1667 0.5
v -0.0130 0.0442 -0.0314
vt 0.1667 0.5
v -0.0663 0.0442 -0.1601
vt 0.1667 0.5
v -0.0066 0.0442 -0.0333
vt 0.1667 0.5
v -0.0338 0.0442 -0.1700
vt 0.1667 0.5
v 0.0066 0.1035 -0.0333
vt 0.1667 0.5
v 0.0000 0.1035 -0.0340
vt 0.1667 0.5
v -0.0066 0.1035 -0.0333
vt 0.1667 0.5
v -0.0130 0.1035 -0.0314
vt 0.1667 0.5
v 0.0130 0.1035 -0.0314
vt 0.1667 0.5
v -0.0189 0.1035 -0.0283
vt 0.1667 0.5
v 0.0189 0.1035 -0.0283
vt 0.1667 0.5
v -0.0240 0.1035 -0.0240
vt 0.1667 0.5
v 0.0240 0.1035 -0.0240
vt 0.1667 0.5
v -0.0283 0.1035 -0.0189
vt 0.1667 0.5
v 0.0283 0.1035 -0.0189
vt 0.1667 0.5
v -0.0314 0.1035 -0.0130
vt 0.1667 0.5
v 0.0314 0.1035 -0.0130
vt 0.1667 0.5
v -0.0333 0.1035 -0.0066
vt 0.1667 0.5
v 0.0333 0.1035 -0.0066
vt 0.1667 0.5
v -0.0340 0.1035 -0.0000
vt 0.1667 0.5
v 0.0340 0.1035 0.0000
vt 0.1667 0.5
v -0.0333 0.1035 0.0066
vt 0.1667 0.5
v 0.0333 0.1035 0.0066
vt 0.1667 0.5
v -0.0314 0.1035 0.0130
vt 0.1667 0.5
v 0.0314 0.1035 0.0130
vt 0.1667 0.5
v -0.0283 0.1035 0.0189
vt 0.1667 0.5
v 0.0283 0.1035 0.0189
vt 0.1667 0.5
v -0.0240 0.1035 0.0240
vt 0.1667 0.5
v 0.0240 0.1035 0.0240
vt 0.1667 0.5
v -0.0189 0.1035 0.0283
vt 0.1667 0.5
v 0.0189 0.1035 0.0283
vt 0.1667 0.5
v -0.0130 0.1035 0.0314
vt 0.1667 0.5
v 0.0130 0.1035 0.0314
vt 0.1667 0.5
v -0.0066 0.1035 0.0333
vt 0.1667 0.5
v 0.0066 0.1035 0.0333
vt 0.1667 0.5
v 0.0000 0.1035 0.0340
vt 0.1667 0.5
v 0.0314 0.1035 -0.0130
vt 0.1667 0.5
v 0.0314 0.0442 -0.0130
vt 0.1667 0.5
v 0.0283 0.0442 -0.0189
vt 0.1667 0.5
v 0.0283 0.1035 -0.0189
vt 0.1667 0.5
v -0.0240 0.1035 0.0240
vt 0.1667 0.5
v -0.0240 0.0442 0.0240
vt 0.1667 0.5
v -0.0189 0.0442 0.0283
vt 0.1667 0.5
v -0.0189 0.1035 0.0283
vt 0.1667 0.5
v 0.0333 0.1035 -0.0066
vt 0.1667 0.5
v 0.0333 0.0442 -0.0066
vt 0.1667 0.5
v 0.0314 0.0442 -0.0130
vt 0.1667 0.5
v 0.0314 0.1035 -0.0130
vt 0.1667 0.5
v -0.0283 0.1035 0.0189
vt 0.1667 0.5
v -0.0283 0.0442 0.0189
vt 0.1667 0.5
v -0.0240 0.0442 0.0240
vt 0.1667 0.5
v -0.0240 0.1035 0.0240
vt 0.1667 0.5
v 0.0340 0.1035 0.0000
vt 0.1667 0.5
v 0.0340 0.0442 0.0000
vt 0.1667 0.5
v 0.0333 0.0442 -0.0066
vt 0.1667 0.5
v 0.0333 0.1035 -0.0066
vt 0.1667 0.5
v -0.0314 0.1035 0.0130
vt 0.1667 0.5
v -0.0314 0.0442 0.0130
vt 0.1667 0.5
v -0.0283 0.0442 0.0189
vt 0.1667 0.5
v -0.0283 0.1035 0.0189
vt 0.1667 0.5
v 0.0333 0.1035 0.0066
vt 0.1667 0.5
v 0.0333 0.0442 0.0066
vt 0.1667 0.5
v 0.0340 0.0442 0.0000
vt 0.1667 0.5
v 0.0340 0.1035 0.0000
vt 0.1667 0.5
v -0.0333 0.1035 0.0066
vt 0.1667 0.5
v -0.0333 0.0442 0.0066
vt 0.1667 0.5
v -0.0314 0.0442 0.0130
vt 0.1667 0.5
v -0.0314 0.1035 0.0130
vt 0.1667 0.5
v 0.0314 0.1035 0.0130
vt 0.1667 0.5
v 0.0314 0.0442 0.0130
vt 0.1667 0.5
v 0.0333 0.0442 0.0066
vt 0.1667 0.5
v 0.0333 0.1035 0.0066
vt 0.1667 0.5
v -0.0340 0.1035 -0.0000
vt 0.1667 0.5
v -0.0340 0.0442 -0.0000
vt 0.1667 0.5
v -0.0333 0.0442 0.0066
vt 0.1667 0.5
v -0.0333 0.1035 0.0066
vt 0.1667 0.5
v 0.0283 0.1035 0.0189
vt 0.1667 0.5
v 0.0283 0.0442 0.0189
vt 0.1667 0.5
v 0.0314 0.0442 0.0130
vt 0.1667 0.5
v 0.0314 0.1035 0.0130
vt 0.1667 0.5
v -0.0333 0.1035 -0.0066
vt 0.1667 0.5
v -0.0333 0.0442 -0.0066
vt 0.1667 0.5
v -0.0340 0.0442 -0.0000
vt 0.1667 0.5
v -0.0340 0.1035 -0.0000
vt 0.1667 0.5
v 0.0240 0.1035 0.0240
vt 0.1667 0.5
v 0.0240 0.0442 0.0240
vt 0.1667 0.5
v 0.0283 0.0442 0.0189
vt 0.1667 0.5
v 0.0283 0.1035 0.0189
vt 0.1667 0.5
v -0.0314 0.1035 -0.0130
vt 0.1667 0.5
v -0.0314 0.0442 -0.0130
vt 0.1667 0.5
v -0.0333 0.0442 -0.0066
vt 0.1667 0.5
v -0.0333 0.1035 -0.0066
vt 0.1667 0.5
v 0.0189 0.1035 0.0283
vt 0.1667 0.5
v 0.0189 0.0442 0.0283
vt 0.1667 0.5
v 0.0240 0.0442 0.0240
vt 0.1667 0.5
v 0.0240 0.1035 0.0240
vt 0.1667 0.5
v -0.0283 0.1035 -0.0189
vt 0.1667 0.5
v -0.0283 0.0442 -0.0189
vt 0.1667 0.5
v -0.0314 0.0442 -0.0130
vt 0.1667 0.5
v -0.0314 0.1035 -0.0130
vt 0.1667 0.5
v 0.0130 0.1035 0.0314
vt 0.1667 0.5
v 0.0130 0.0442 0.0314
vt 0.1667 0.5
v 0.0189 0.0442 0.0283
vt 0.1667 0.5
v 0.0189 0.1035 0.0283
vt 0.1667 0.5
v 0.0066 0.1035 -0.0333
vt 0.1667 0.5
v 0.0066 0.0442 -0.0333
vt 0.1667 0.5
v 0.0000 0.0442 -0.0340
vt 0.1667 0.5
v 0.0000 0.1035 -0.0340
vt 0.1667 0.5
v -0.0240 0.1035 -0.0240
vt 0.1667 0.5
v -0.0240 0.0442 -0.0240
vt 0.1667 0.5
v -0.0283 0.0442 -0.0189
vt 0.1667 0.5
v -0.0283 0.1035 -0.0189
vt 0.1667 0.5
v 0.0066 0.1035 0.0333
vt 0.1667 0.5
v 0.0066 0.0442 0.0333
vt 0.1667 0.5
v 0.0130 0.0442 0.0314
vt 0.1667 0.5
v 0.0130 0.1035 0.0314
vt 0.1667 0.5
v 0.0130 0.1035 -0.0314
vt 0.1667 0.5
v 0.0130 0.0442 -0.0314
vt 0.1667 0.5
v 0.0066 0.0442 -0.0333
vt 0.1667 0.5
v 0.0066 0.1035 -0.0333
vt 0.1667 0.5
v -0.0189 0.1035 -0.0283
vt 0.1667 0.5
v -0.0189 0.0442 -0.0283
vt 0.1667 0.5
v -0.0240 0.0442 -0.0240
vt 0.1667 0.5
v -0.0240 0.1035 -0.0240
vt 0.1667 0.5
v 0.0000 0.1035 0.0340
vt 0.1667 0.5
v 0.0000 0.0442 0.0340
vt 0.1667 0.5
v 0.0066 0.0442 0.0333
vt 0.1667 0.5
v 0.0066 0.1035 0.0333
vt 0.1667 0.5
v 0.0189 0.1035 -0.0283
vt 0.1667 0.5
v 0.0189 0.0442 -0.0283
vt 0.1667 0.5
v 0.0130 0.0442 -0.0314
vt 0.1667 0.5
v 0.0130 0.1035 -0.0314
vt 0.1667 0.5
v -0.0130 0.1035 -0.0314
vt 0.1667 0.5
v -0.0130 0.0442 -0.0314
vt 0.1667 0.5
v -0.0189 0.0442 -0.0283
vt 0.1667 0.5
v -0.0189 0.1035 -0.0283
vt 0.1667 0.5
v -0.0066 0.1035 0.0333
vt 0.1667 0.5
v -0.0066 0.0442 0.0333
vt 0.1667 0.5
v 0.0000 0.0442 0.0340
vt 0.1667 0.5
v 0.0000 0.1035 0.0340
vt 0.1667 0.5
v 0.0240 0.1035 -0.0240
vt 0.1667 0.5
v 0.0240 0.0442 -0.0240
vt 0.1667 0.5
v 0.0189 0.0442 -0.0283
vt 0.1667 0.5
v 0.0189 0.1035 -0.0283
vt 0.1667 0.5
v -0.0066 0.1035 -0.0333
vt 0.1667 0.5
v -0.0066 0.0442 -0.0333
vt 0.1667 0.5
v -0.0130 0.0442 -0.0314
vt 0.1667 0.5
v -0.0130 0.1035 -0.0314
vt 0.1667 0.5
v -0.0130 0.1035 0.0314
vt 0.1667 0.5
v -0.0130 0.0442 0.0314
vt 0.1667 0.5
v -0.0066 0.0442 0.0333
vt 0.1667 0.5
v -0.0066 0.1035 0.0333
vt 0.1667 0.5
v 0.0283 0.1035 -0.0189
vt 0.1667 0.5
v 0.0283 0.0442 -0.0189
vt 0.1667 0.5
v 0.0240 0.0442 -0.0240
vt 0.1667 0.5
v 0.0240 0.1035 -0.0240
vt 0.1667 0.5
v 0.0000 0.1035 -0.0340
vt 0.1667 0.5
v 0.0000 0.0442 -0.0340
vt 0.1667 0.5
v -0.0066 0.0442 -0.0333
vt 0.1667 0.5
v -0.0066 0.1035 -0.0333
vt 0.1667 0.5
v 0.0000 0.8252 0.1613
vt 0.1667 0.5
v 0.0000 0.7334 0.1777
vt 0.1667 0.5
v -0.0092 0.7336 0.1786
vt 0.1667 0.5
v -0.0081 0.8254 0.1621
vt 0.1667 0.5
v 0.0261 0.7352 0.1854
vt 0.1667 0.5
v 0.0180 0.7342 0.1812
vt 0.1667 0.5
v 0.0160 0.8260 0.1644
vt 0.1667 0.5
v 0.0232 0.8268 0.1681
vt 0.1667 0.5
v 0.0332 0.7366 0.1911
vt 0.1667 0.5
v 0.0261 0.7352 0.1854
vt 0.1667 0.5
v 0.0232 0.8268 0.1681
vt 0.1667 0.5
v 0.0295 0.8281 0.1732
vt 0.1667 0.5
v 0.0391 0.7382 0.1980
vt 0.1667 0.5
v 0.0332 0.7366 0.1911
vt 0.1667 0.5
v 0.0295 0.8281 0.1732
vt 0.1667 0.5
v 0.0347 0.8295 0.1793
vt 0.1667 0.5
v 0.0434 0.7401 0.2059
vt 0.1667 0.5
v 0.0391 0.7382 0.1980
vt 0.1667 0.5
v 0.0347 0.8295 0.1793
vt 0.1667 0.5
v 0.0385 0.8312 0.1863
vt 0.1667 0.5
v 0.0461 0.7421 0.2145
vt 0.1667 0.5
v 0.0434 0.7401 0.2059
vt 0.1667 0.5
v 0.0385 0.8312 0.1863
vt 0.1667 0.5
v 0.0409 0.8330 0.1940
vt 0.1667 0.5
v 0.0470 0.7443 0.2234
vt 0.1667 0.5
v 0.0461 0.7421 0.2145
vt 0.1667 0.5
v 0.0409 0.8330 0.1940
vt 0.1667 0.5
v 0.0417 0.8349 0.2019
vt 0.1667 0.5
v 0.0461 0.7464 0.2324
vt 0.1667 0.5
v 0.0470 0.7443 0.2234
vt 0.1667 0.5
v 0.0417 0.8349 0.2019
vt 0.1667 0.5
v 0.0409 0.8368 0.2098
vt 0.1667 0.5
v 0.0434 0.7484 0.2409
vt 0.1667 0.5
v 0.0461 0.7464 0.2324
vt 0.1667 0.5
v 0.0409 0.8368 0.2098
vt 0.1667 0.5
v 0.0385 0.8386 0.2174
vt 0.1667 0.5
v 0.0391 0.7503 0.2489
vt 0.1667 0.5
v 0.0434 0.7484 0.2409
vt 0.1667 0.5
v 0.0385 0.8386 0.2174
vt 0.1667 0.5
v 0.0347 0.8403 0.2244
vt 0.1667 0.5
v 0.0332 0.7520 0.2558
vt 0.1667 0.5
v 0.0391 0.7503 0.2489
vt 0.1667 0.5
v 0.0347 0.8403 0.2244
vt 0.1667 0.5
v 0.0295 0.8417 0.2306
vt 0.1667 0.5
v 0.0261 0.7533 0.2615
vt 0.1667 0.5
v 0.0332 0.7520 0.2558
vt 0.1667 0.5
v 0.0295 0.8417 0.2306
vt 0.1667 0.5
v 0.0232 0.8429 0.2356
vt 0.1667 0.5
v 0.0180 0.7543 0.2657
vt 0.1667 0.5
v 0.0261 0.7533 0.2615
vt 0.1667 0.5
v 0.0232 0.8429 0.2356
vt 0.1667 0.5
v 0.0160 0.8438 0.2394
vt 0.1667 0.5
v 0.0092 0.7550 0.2683
vt 0.1667 0.5
v 0.0180 0.7543 0.2657
vt 0.1667 0.5
v 0.0160 0.8438 0.2394
vt 0.1667 0.5
v 0.0081 0.8444 0.2417
vt 0.1667 0.5
v 0.0000 0.7552 0.2692
vt 0.1667 0.5
v 0.0092 0.7550 0.2683
vt 0.1667 0.5
v 0.0081 0.8444 0.2417
vt 0.1667 0.5
v 0.0000 0.8445 0.2425
vt 0.1667 0.5
v -0.0081 0.8444 0.2417
vt 0.1667 0.5
v -0.0092 0.7550 0.2683
vt 0.1667 0.5
v 0.0000 0.7552 0.2692
vt 0.1667 0.5
v 0.0000 0.8445 0.2425
vt 0.1667 0.5
v -0.0160 0.8438 0.2394
vt 0.1667 0.5
v -0.0180 0.7543 0.2657
vt 0.1667 0.5
v -0.0092 0.7550 0.2683
vt 0.1667 0.5
v -0.0081 0.8444 0.2417
vt 0.1667 0.5
v -0.0232 0.8429 0.2356
vt 0.1667 0.5
v -0.0261 0.7533 0.2615
vt 0.1667 0.5
v -0.0180 0.7543 0.2657
vt 0.1667 0.5
v -0.0160 0.8438 0.2394
vt 0.1667 0.5
v -0.0295 0.8417 0.2306
vt 0.1667 0.5
v -0.0332 0.7520 0.2558
vt 0.1667 0.5
v -0.0261 0.7533 0.2615
vt 0.1667 0.5
v -0.0232 0.8429 0.2356
vt 0.1667 0.5
v -0.0347 0.8403 0.2244
vt 0.1667 0.5
v -0.0391 0.7503 0.2489
vt 0.1667 0.5
v -0.0332 0.7520 0.2558
vt 0.1667 0.5
v -0.0295 0.8417 0.2306
vt 0.1667 0.5
v -0.0385 0.8386 0.2174
vt 0.1667 0.5
v -0.0434 0.7484 0.2409
vt 0.1667 0.5
v -0.0391 0.7503 0.2489
vt 0.1667 0.5
v -0.0347 0.8403 0.2244
vt 0.1667 0.5
v -0.0409 0.8368 0.2098
vt 0.1667 0.5
v -0.0461 0.7464 0.2324
vt 0.1667 0.5
v -0.0434 0.7484 0.2409
vt 0.1667 0.5
v -0.0385 0.8386 0.2174
vt 0.1667 0.5
v -0.0417 0.8349 0.2019
vt 0.1667 0.5
v -0.0470 0.7443 0.2234
vt 0.1667 0.5
v -0.0461 0.7464 0.2324
vt 0.1667 0.5
v -0.0409 0.8368 0.2098
vt 0.1667 0.5
v -0.0409 0.8330 0.1940
vt 0.1667 0.5
v -0.0461 0.7421 0.2145
vt 0.1667 0.5
v -0.0470 0.7443 0.2234
vt 0.1667 0.5
v -0.0417 0.8349 0.2019
vt 0.1667 0.5
v -0.0385 0.8312 0.1863
vt 0.1667 0.5
v -0.0434 0.7401 0.2059
vt 0.1667 0.5
v -0.0461 0.7421 0.2145
vt 0.1667 0.5
v -0.0409 0.8330 0.1940
vt 0.1667 0.5
v -0.0347 0.8295 0.1793
vt 0.1667 0.5
v -0.0391 0.7382 0.1980
vt 0.1667 0.5
v -0.0434 0.7401 0.2059
vt 0.1667 0.5
v -0.0385 0.8312 0.1863
vt 0.1667 0.5
v -0.0295 0.8281 0.1732
vt 0.1667 0.5
v -0.0332 0.7366 0.1911
vt 0.1667 0.5
v -0.0391 0.7382 0.1980
vt 0.1667 0.5
v -0.0347 0.8295 0.1793
vt 0.1667 0.5
v -0.0232 0.8268 0.1681
vt 0.1667 0.5
v -0.0261 0.7352 0.1854
vt 0.1667 0.5
v -0.0332 0.7366 0.1911
vt 0.1667 0.5
v -0.0295 0.8281 0.1732
vt 0.1667 0.5
v -0.0160 0.8260 0.1644
vt 0.1667 0.5
v -0.0180 0.7342 0.1812
vt 0.1667 0.5
v -0.0261 0.7352 0.1854
vt 0.1667 0.5
v -0.0232 0.8268 0.1681
vt 0.1667 0.5
v -0.0081 0.8254 0.1621
vt 0.1667 0.5
v -0.0092 0.7336 0.1786
vt 0.1667 0.5
v -0.0180 0.7342 0.1812
vt 0.1667 0.5
v -0.0160 0.8260 0.1644
vt 0.1667 0.5
v 0.0092 0.7336 0.1786
vt 0.1667 0.5
v 0.0000 0.7334 0.1777
vt 0.1667 0.5
v 0.0000 0.8252 0.1613
vt 0.1667 0.5
v 0.0081 0.8254 0.1621
vt 0.1667 0.5
v 0.0180 0.7342 0.1812
vt 0.1667 0.5
v 0.0092 0.7336 0.1786
vt 0.1667 0.5
v 0.0081 0.8254 0.1621
vt 0.1667 0.5
v 0.0160 0.8260 0.1644
vt 0.1667 0.5
v 0.0568 0.7531 0.2604
vt 0.1667 0.5
v 0.0391 0.7503 0.2489
vt 0.1667 0.5
v 0.0332 0.7520 0.2558
vt 0.1667 0.5
v 0.0483 0.7555 0.2704
vt 0.1667 0.5
v 0.0081 0.8254 0.1621
vt 0.1667 0.5
v 0.0000 0.8252 0.1613
vt 0.1667 0.5
v 0.0000 0.8301 0.1610
vt 0.1667 0.5
v 0.0080 0.8303 0.1617
vt 0.1667 0.5
v 0.0080 0.8303 0.1617
vt 0.1667 0.5
v 0.0000 0.8301 0.1610
vt 0.1667 0.5
v 0.0000 0.8349 0.1617
vt 0.1667 0.5
v 0.0076 0.8350 0.1624
vt 0.1667 0.5
v 0.0076 0.8350 0.1624
vt 0.1667 0.5
v 0.0000 0.8349 0.1617
vt 0.1667 0.5
v 0.0000 0.8393 0.1635
vt 0.1667 0.5
v 0.0071 0.8394 0.1641
vt 0.1667 0.5
v 0.0071 0.8394 0.1641
vt 0.1667 0.5
v 0.0000 0.8393 0.1635
vt 0.1667 0.5
v 0.0000 0.8429 0.1661
vt 0.1667 0.5
v 0.0064 0.8431 0.1667
vt 0.1667 0.5
v 0.0064 0.8431 0.1667
vt 0.1667 0.5
v 0.0000 0.8429 0.1661
vt 0.1667 0.5
v 0.0000 0.8456 0.1695
vt 0.1667 0.5
v 0.0057 0.8458 0.1700
vt 0.1667 0.5
v 0.0057 0.8458 0.1700
vt 0.1667 0.5
v 0.0000 0.8456 0.1695
vt 0.1667 0.5
v 0.0000 0.8472 0.1733
vt 0.1667 0.5
v 0.0049 0.8473 0.1738
vt 0.1667 0.5
v 0.0160 0.8260 0.1644
vt 0.1667 0.5
v 0.0081 0.8254 0.1621
vt 0.1667 0.5
v 0.0080 0.8303 0.1617
vt 0.1667 0.5
v 0.0157 0.8308 0.1640
vt 0.1667 0.5
v 0.0157 0.8308 0.1640
vt 0.1667 0.5
v 0.0080 0.8303 0.1617
vt 0.1667 0.5
v 0.0076 0.8350 0.1624
vt 0.1667 0.5
v 0.0150 0.8356 0.1646
vt 0.1667 0.5
v 0.0150 0.8356 0.1646
vt 0.1667 0.5
v 0.0076 0.8350 0.1624
vt 0.1667 0.5
v 0.0071 0.8394 0.1641
vt 0.1667 0.5
v 0.0139 0.8399 0.1662
vt 0.1667 0.5
v 0.0139 0.8399 0.1662
vt 0.1667 0.5
v 0.0071 0.8394 0.1641
vt 0.1667 0.5
v 0.0064 0.8431 0.1667
vt 0.1667 0.5
v 0.0126 0.8435 0.1686
vt 0.1667 0.5
v 0.0126 0.8435 0.1686
vt 0.1667 0.5
v 0.0064 0.8431 0.1667
vt 0.1667 0.5
v 0.0057 0.8458 0.1700
vt 0.1667 0.5
v 0.0111 0.8461 0.1716
vt 0.1667 0.5
v 0.0111 0.8461 0.1716
vt 0.1667 0.5
v 0.0057 0.8458 0.1700
vt 0.1667 0.5
v 0.0049 0.8473 0.1738
vt 0.1667 0.5
v 0.0095 0.8476 0.1752
vt 0.1667 0.5
v 0.0232 0.8268 0.1681
vt 0.1667 0.5
v 0.0160 0.8260 0.1644
vt 0.1667 0.5
v 0.0157 0.8308 0.1640
vt 0.1667 0.5
v 0.0227 0.8317 0.1677
vt 0.1667 0.5
v 0.0227 0.8317 0.1677
vt 0.1667 0.5
v 0.0157 0.8308 0.1640
vt 0.1667 0.5
v 0.0150 0.8356 0.1646
vt 0.1667 0.5
v 0.0217 0.8364 0.1681
vt 0.1667 0.5
v 0.0217 0.8364 0.1681
vt 0.1667 0.5
v 0.0150 0.8356 0.1646
vt 0.1667 0.5
v 0.0139 0.8399 0.1662
vt 0.1667 0.5
v 0.0202 0.8407 0.1694
vt 0.1667 0.5
v 0.0202 0.8407 0.1694
vt 0.1667 0.5
v 0.0139 0.8399 0.1662
vt 0.1667 0.5
v 0.0126 0.8435 0.1686
vt 0.1667 0.5
v 0.0183 0.8442 0.1715
vt 0.1667 0.5
v 0.0183 0.8442 0.1715
vt 0.1667 0.5
v 0.0126 0.8435 0.1686
vt 0.1667 0.5
v 0.0111 0.8461 0.1716
vt 0.1667 0.5
v 0.0161 0.8468 0.1742
vt 0.1667 0.5
v 0.0161 0.8468 0.1742
vt 0.1667 0.5
v 0.0111 0.8461 0.1716
vt 0.1667 0.5
v 0.0095 0.8476 0.1752
vt 0.1667 0.5
v 0.0138 0.8482 0.1774
vt 0.1667 0.5
v 0.0295 0.8281 0.1732
vt 0.1667 0.5
v 0.0232 0.8268 0.1681
vt 0.1667 0.5
v 0.0227 0.8317 0.1677
vt 0.1667 0.5
v 0.0289 0.8329 0.1726
vt 0.1667 0.5
v 0.0289 0.8329 0.1726
vt 0.1667 0.5
v 0.0227 0.8317 0.1677
vt 0.1667 0.5
v 0.0217 0.8364 0.1681
vt 0.1667 0.5
v 0.0276 0.8375 0.1728
vt 0.1667 0.5
v 0.0276 0.8375 0.1728
vt 0.1667 0.5
v 0.0217 0.8364 0.1681
vt 0.1667 0.5
v 0.0202 0.8407 0.1694
vt 0.1667 0.5
v 0.0257 0.8417 0.1738
vt 0.1667 0.5
v 0.0257 0.8417 0.1738
vt 0.1667 0.5
v 0.0202 0.8407 0.1694
vt 0.1667 0.5
v 0.0183 0.8442 0.1715
vt 0.1667 0.5
v 0.0233 0.8452 0.1755
vt 0.1667 0.5
v 0.0233 0.8452 0.1755
vt 0.1667 0.5
v 0.0183 0.8442 0.1715
vt 0.1667 0.5
v 0.0161 0.8468 0.1742
vt 0.1667 0.5
v 0.0205 0.8476 0.1778
vt 0.1667 0.5
v 0.0205 0.8476 0.1778
vt 0.1667 0.5
v 0.0161 0.8468 0.1742
vt 0.1667 0.5
v 0.0138 0.8482 0.1774
vt 0.1667 0.5
v 0.0176 0.8489 0.1804
vt 0.1667 0.5
v 0.0347 0.8295 0.1793
vt 0.1667 0.5
v 0.0295 0.8281 0.1732
vt 0.1667 0.5
v 0.0289 0.8329 0.1726
vt 0.1667 0.5
v 0.0340 0.8343 0.1786
vt 0.1667 0.5
v 0.0340 0.8343 0.1786
vt 0.1667 0.5
v 0.0289 0.8329 0.1726
vt 0.1667 0.5
v 0.0276 0.8375 0.1728
vt 0.1667 0.5
v 0.0325 0.8389 0.1786
vt 0.1667 0.5
v 0.0325 0.8389 0.1786
vt 0.1667 0.5
v 0.0276 0.8375 0.1728
vt 0.1667 0.5
v 0.0257 0.8417 0.1738
vt 0.1667 0.5
v 0.0302 0.8430 0.1792
vt 0.1667 0.5
v 0.0302 0.8430 0.1792
vt 0.1667 0.5
v 0.0257 0.8417 0.1738
vt 0.1667 0.5
v 0.0233 0.8452 0.1755
vt 0.1667 0.5
v 0.0274 0.8463 0.1804
vt 0.1667 0.5
v 0.0274 0.8463 0.1804
vt 0.1667 0.5
v 0.0233 0.8452 0.1755
vt 0.1667 0.5
v 0.0205 0.8476 0.1778
vt 0.1667 0.5
v 0.0241 0.8486 0.1820
vt 0.1667 0.5
v 0.0241 0.8486 0.1820
vt 0.1667 0.5
v 0.0205 0.8476 0.1778
vt 0.1667 0.5
v 0.0176 0.8489 0.1804
vt 0.1667 0.5
v 0.0207 0.8498 0.1841
vt 0.1667 0.5
v 0.0385 0.8312 0.1863
vt 0.1667 0.5
v 0.0347 0.8295 0.1793
vt 0.1667 0.5
v 0.0340 0.8343 0.1786
vt 0.1667 0.5
v 0.0378 0.8359 0.1855
vt 0.1667 0.5
v 0.0378 0.8359 0.1855
vt 0.1667 0.5
v 0.0340 0.8343 0.1786
vt 0.1667 0.5
v 0.0325 0.8389 0.1786
vt 0.1667 0.5
v 0.0361 0.8405 0.1852
vt 0.1667 0.5
v 0.0361 0.8405 0.1852
vt 0.1667 0.5
v 0.0325 0.8389 0.1786
vt 0.1667 0.5
v 0.0302 0.8430 0.1792
vt 0.1667 0.5
v 0.0336 0.8444 0.1853
vt 0.1667 0.5
v 0.0336 0.8444 0.1853
vt 0.1667 0.5
v 0.0302 0.8430 0.1792
vt 0.1667 0.5
v 0.0274 0.8463 0.1804
vt 0.1667 0.5
v 0.0304 0.8476 0.1859
vt 0.1667 0.5
v 0.0304 0.8476 0.1859
vt 0.1667 0.5
v 0.0274 0.8463 0.1804
vt 0.1667 0.5
v 0.0241 0.8486 0.1820
vt 0.1667 0.5
v 0.0268 0.8498 0.1869
vt 0.1667 0.5
v 0.0268 0.8498 0.1869
vt 0.1667 0.5
v 0.0241 0.8486 0.1820
vt 0.1667 0.5
v 0.0207 0.8498 0.1841
vt 0.1667 0.5
v 0.0230 0.8508 0.1883
vt 0.1667 0.5
v 0.0409 0.8330 0.1940
vt 0.1667 0.5
v 0.0385 0.8312 0.1863
vt 0.1667 0.5
v 0.0378 0.8359 0.1855
vt 0.1667 0.5
v 0.0401 0.8377 0.1930
vt 0.1667 0.5
v 0.0401 0.8377 0.1930
vt 0.1667 0.5
v 0.0378 0.8359 0.1855
vt 0.1667 0.5
v 0.0361 0.8405 0.1852
vt 0.1667 0.5
v 0.0383 0.8422 0.1923
vt 0.1667 0.5
v 0.0383 0.8422 0.1923
vt 0.1667 0.5
v 0.0361 0.8405 0.1852
vt 0.1667 0.5
v 0.0336 0.8444 0.1853
vt 0.1667 0.5
v 0.0357 0.8460 0.1919
vt 0.1667 0.5
v 0.0357 0.8460 0.1919
vt 0.1667 0.5
v 0.0336 0.8444 0.1853
vt 0.1667 0.5
v 0.0304 0.8476 0.1859
vt 0.1667 0.5
v 0.0323 0.8491 0.1919
vt 0.1667 0.5
v 0.0323 0.8491 0.1919
vt 0.1667 0.5
v 0.0304 0.8476 0.1859
vt 0.1667 0.5
v 0.0268 0.8498 0.1869
vt 0.1667 0.5
v 0.0285 0.8510 0.1922
vt 0.1667 0.5
v 0.0285 0.8510 0.1922
vt 0.1667 0.5
v 0.0268 0.8498 0.1869
vt 0.1667 0.5
v 0.0230 0.8508 0.1883
vt 0.1667 0.5
v 0.0244 0.8518 0.1928
vt 0.1667 0.5
v 0.0417 0.8349 0.2019
vt 0.1667 0.5
v 0.0409 0.8330 0.1940
vt 0.1667 0.5
v 0.0401 0.8377 0.1930
vt 0.1667 0.5
v 0.0409 0.8396 0.2008
vt 0.1667 0.5
v 0.0409 0.8396 0.2008
vt 0.1667 0.5
v 0.0401 0.8377 0.1930
vt 0.1667 0.5
v 0.0383 0.8422 0.1923
vt 0.1667 0.5
v 0.0391 0.8439 0.1997
vt 0.1667 0.5
v 0.0391 0.8439 0.1997
vt 0.1667 0.5
v 0.0383 0.8422 0.1923
vt 0.1667 0.5
v 0.0357 0.8460 0.1919
vt 0.1667 0.5
v 0.0364 0.8477 0.1988
vt 0.1667 0.5
v 0.0364 0.8477 0.1988
vt 0.1667 0.5
v 0.0357 0.8460 0.1919
vt 0.1667 0.5
v 0.0323 0.8491 0.1919
vt 0.1667 0.5
v 0.0329 0.8505 0.1981
vt 0.1667 0.5
v 0.0329 0.8505 0.1981
vt 0.1667 0.5
v 0.0323 0.8491 0.1919
vt 0.1667 0.5
v 0.0285 0.8510 0.1922
vt 0.1667 0.5
v 0.0290 0.8524 0.1977
vt 0.1667 0.5
v 0.0290 0.8524 0.1977
vt 0.1667 0.5
v 0.0285 0.8510 0.1922
vt 0.1667 0.5
v 0.0244 0.8518 0.1928
vt 0.1667 0.5
v 0.0249 0.8530 0.1976
vt 0.1667 0.5
v 0.0409 0.8368 0.2098
vt 0.1667 0.5
v 0.0417 0.8349 0.2019
vt 0.1667 0.5
v 0.0409 0.8396 0.2008
vt 0.1667 0.5
v 0.0401 0.8414 0.2085
vt 0.1667 0.5
v 0.0401 0.8414 0.2085
vt 0.1667 0.5
v 0.0409 0.8396 0.2008
vt 0.1667 0.5
v 0.0391 0.8439 0.1997
vt 0.1667 0.5
v 0.0383 0.8457 0.2071
vt 0.1667 0.5
v 0.0383 0.8457 0.2071
vt 0.1667 0.5
v 0.0391 0.8439 0.1997
vt 0.1667 0.5
v 0.0364 0.8477 0.1988
vt 0.1667 0.5
v 0.0357 0.8493 0.2057
vt 0.1667 0.5
v 0.0357 0.8493 0.2057
vt 0.1667 0.5
v 0.0364 0.8477 0.1988
vt 0.1667 0.5
v 0.0329 0.8505 0.1981
vt 0.1667 0.5
v 0.0323 0.8520 0.2044
vt 0.1667 0.5
v 0.0323 0.8520 0.2044
vt 0.1667 0.5
v 0.0329 0.8505 0.1981
vt 0.1667 0.5
v 0.0290 0.8524 0.1977
vt 0.1667 0.5
v 0.0285 0.8537 0.2032
vt 0.1667 0.5
v 0.0285 0.8537 0.2032
vt 0.1667 0.5
v 0.0290 0.8524 0.1977
vt 0.1667 0.5
v 0.0249 0.8530 0.1976
vt 0.1667 0.5
v 0.0244 0.8541 0.2023
vt 0.1667 0.5
v 0.0385 0.8386 0.2174
vt 0.1667 0.5
v 0.0409 0.8368 0.2098
vt 0.1667 0.5
v 0.0401 0.8414 0.2085
vt 0.1667 0.5
v 0.0378 0.8432 0.2160
vt 0.1667 0.5
v 0.0378 0.8432 0.2160
vt 0.1667 0.5
v 0.0401 0.8414 0.2085
vt 0.1667 0.5
v 0.0383 0.8457 0.2071
vt 0.1667 0.5
v 0.0361 0.8474 0.2143
vt 0.1667 0.5
v 0.0361 0.8474 0.2143
vt 0.1667 0.5
v 0.0383 0.8457 0.2071
vt 0.1667 0.5
v 0.0357 0.8493 0.2057
vt 0.1667 0.5
v 0.0336 0.8509 0.2124
vt 0.1667 0.5
v 0.0336 0.8509 0.2124
vt 0.1667 0.5
v 0.0357 0.8493 0.2057
vt 0.1667 0.5
v 0.0323 0.8520 0.2044
vt 0.1667 0.5
v 0.0304 0.8535 0.2104
vt 0.1667 0.5
v 0.0304 0.8535 0.2104
vt 0.1667 0.5
v 0.0323 0.8520 0.2044
vt 0.1667 0.5
v 0.0285 0.8537 0.2032
vt 0.1667 0.5
v 0.0268 0.8549 0.2085
vt 0.1667 0.5
v 0.0268 0.8549 0.2085
vt 0.1667 0.5
v 0.0285 0.8537 0.2032
vt 0.1667 0.5
v 0.0244 0.8541 0.2023
vt 0.1667 0.5
v 0.0230 0.8552 0.2068
vt 0.1667 0.5
v 0.0347 0.8403 0.2244
vt 0.1667 0.5
v 0.0385 0.8386 0.2174
vt 0.1667 0.5
v 0.0378 0.8432 0.2160
vt 0.1667 0.5
v 0.0340 0.8448 0.2229
vt 0.1667 0.5
v 0.0340 0.8448 0.2229
vt 0.1667 0.5
v 0.0378 0.8432 0.2160
vt 0.1667 0.5
v 0.0361 0.8474 0.2143
vt 0.1667 0.5
v 0.0325 0.8490 0.2208
vt 0.1667 0.5
v 0.0325 0.8490 0.2208
vt 0.1667 0.5
v 0.0361 0.8474 0.2143
vt 0.1667 0.5
v 0.0336 0.8509 0.2124
vt 0.1667 0.5
v 0.0302 0.8523 0.2185
vt 0.1667 0.5
v 0.0302 0.8523 0.2185
vt 0.1667 0.5
v 0.0336 0.8509 0.2124
vt 0.1667 0.5
v 0.0304 0.8535 0.2104
vt 0.1667 0.5
v 0.0274 0.8548 0.2159
vt 0.1667 0.5
v 0.0274 0.8548 0.2159
vt 0.1667 0.5
v 0.0304 0.8535 0.2104
vt 0.1667 0.5
v 0.0268 0.8549 0.2085
vt 0.1667 0.5
v 0.0241 0.8561 0.2134
vt 0.1667 0.5
v 0.0241 0.8561 0.2134
vt 0.1667 0.5
v 0.0268 0.8549 0.2085
vt 0.1667 0.5
v 0.0230 0.8552 0.2068
vt 0.1667 0.5
v 0.0207 0.8562 0.2110
vt 0.1667 0.5
v 0.0295 0.8417 0.2306
vt 0.1667 0.5
v 0.0347 0.8403 0.2244
vt 0.1667 0.5
v 0.0340 0.8448 0.2229
vt 0.1667 0.5
v 0.0289 0.8463 0.2289
vt 0.1667 0.5
v 0.0289 0.8463 0.2289
vt 0.1667 0.5
v 0.0340 0.8448 0.2229
vt 0.1667 0.5
v 0.0325 0.8490 0.2208
vt 0.1667 0.5
v 0.0276 0.8503 0.2266
vt 0.1667 0.5
v 0.0276 0.8503 0.2266
vt 0.1667 0.5
v 0.0325 0.8490 0.2208
vt 0.1667 0.5
v 0.0302 0.8523 0.2185
vt 0.1667 0.5
v 0.0257 0.8536 0.2238
vt 0.1667 0.5
v 0.0257 0.8536 0.2238
vt 0.1667 0.5
v 0.0302 0.8523 0.2185
vt 0.1667 0.5
v 0.0274 0.8548 0.2159
vt 0.1667 0.5
v 0.0233 0.8559 0.2208
vt 0.1667 0.5
v 0.0233 0.8559 0.2208
vt 0.1667 0.5
v 0.0274 0.8548 0.2159
vt 0.1667 0.5
v 0.0241 0.8561 0.2134
vt 0.1667 0.5
v 0.0205 0.8571 0.2177
vt 0.1667 0.5
v 0.0205 0.8571 0.2177
vt 0.1667 0.5
v 0.0241 0.8561 0.2134
vt 0.1667 0.5
v 0.0207 0.8562 0.2110
vt 0.1667 0.5
v 0.0176 0.8570 0.2147
vt 0.1667 0.5
v 0.0232 0.8429 0.2356
vt 0.1667 0.5
v 0.0295 0.8417 0.2306
vt 0.1667 0.5
v 0.0289 0.8463 0.2289
vt 0.1667 0.5
v 0.0227 0.8474 0.2338
vt 0.1667 0.5
v 0.0227 0.8474 0.2338
vt 0.1667 0.5
v 0.0289 0.8463 0.2289
vt 0.1667 0.5
v 0.0276 0.8503 0.2266
vt 0.1667 0.5
v 0.0217 0.8514 0.2313
vt 0.1667 0.5
v 0.0217 0.8514 0.2313
vt 0.1667 0.5
v 0.0276 0.8503 0.2266
vt 0.1667 0.5
v 0.0257 0.8536 0.2238
vt 0.1667 0.5
v 0.0202 0.8547 0.2282
vt 0.1667 0.5
v 0.0202 0.8547 0.2282
vt 0.1667 0.5
v 0.0257 0.8536 0.2238
vt 0.1667 0.5
v 0.0233 0.8559 0.2208
vt 0.1667 0.5
v 0.0183 0.8569 0.2248
vt 0.1667 0.5
v 0.0183 0.8569 0.2248
vt 0.1667 0.5
v 0.0233 0.8559 0.2208
vt 0.1667 0.5
v 0.0205 0.8571 0.2177
vt 0.1667 0.5
v 0.0161 0.8579 0.2212
vt 0.1667 0.5
v 0.0205 0.8571 0.2177
vt 0.1667 0.5
v 0.0176 0.8570 0.2147
vt 0.1667 0.5
v 0.0138 0.8578 0.2177
vt 0.1667 0.5
v 0.0161 0.8579 0.2212
vt 0.1667 0.5
v 0.0160 0.8438 0.2394
vt 0.1667 0.5
v 0.0232 0.8429 0.2356
vt 0.1667 0.5
v 0.0227 0.8474 0.2338
vt 0.1667 0.5
v 0.0157 0.8483 0.2375
vt 0.1667 0.5
v 0.0157 0.8483 0.2375
vt 0.1667 0.5
v 0.0227 0.8474 0.2338
vt 0.1667 0.5
v 0.0217 0.8514 0.2313
vt 0.1667 0.5
v 0.0150 0.8523 0.2348
vt 0.1667 0.5
v 0.0150 0.8523 0.2348
vt 0.1667 0.5
v 0.0217 0.8514 0.2313
vt 0.1667 0.5
v 0.0202 0.8547 0.2282
vt 0.1667 0.5
v 0.0139 0.8554 0.2315
vt 0.1667 0.5
v 0.0139 0.8554 0.2315
vt 0.1667 0.5
v 0.0202 0.8547 0.2282
vt 0.1667 0.5
v 0.0183 0.8569 0.2248
vt 0.1667 0.5
v 0.0126 0.8576 0.2277
vt 0.1667 0.5
v 0.0126 0.8576 0.2277
vt 0.1667 0.5
v 0.0183 0.8569 0.2248
vt 0.1667 0.5
v 0.0161 0.8579 0.2212
vt 0.1667 0.5
v 0.0111 0.8586 0.2238
vt 0.1667 0.5
v 0.0161 0.8579 0.2212
vt 0.1667 0.5
v 0.0138 0.8578 0.2177
vt 0.1667 0.5
v 0.0095 0.8583 0.2199
vt 0.1667 0.5
v 0.0111 0.8586 0.2238
vt 0.1667 0.5
v 0.0081 0.8444 0.2417
vt 0.1667 0.5
v 0.0160 0.8438 0.2394
vt 0.1667 0.5
v 0.0157 0.8483 0.2375
vt 0.1667 0.5
v 0.0080 0.8489 0.2398
vt 0.1667 0.5
v 0.0080 0.8489 0.2398
vt 0.1667 0.5
v 0.0157 0.8483 0.2375
vt 0.1667 0.5
v 0.0150 0.8523 0.2348
vt 0.1667 0.5
v 0.0076 0.8528 0.2370
vt 0.1667 0.5
v 0.0076 0.8528 0.2370
vt 0.1667 0.5
v 0.0150 0.8523 0.2348
vt 0.1667 0.5
v 0.0139 0.8554 0.2315
vt 0.1667 0.5
v 0.0071 0.8559 0.2335
vt 0.1667 0.5
v 0.0071 0.8559 0.2335
vt 0.1667 0.5
v 0.0139 0.8554 0.2315
vt 0.1667 0.5
v 0.0126 0.8576 0.2277
vt 0.1667 0.5
v 0.0064 0.8580 0.2296
vt 0.1667 0.5
v 0.0064 0.8580 0.2296
vt 0.1667 0.5
v 0.0126 0.8576 0.2277
vt 0.1667 0.5
v 0.0111 0.8586 0.2238
vt 0.1667 0.5
v 0.0057 0.8589 0.2254
vt 0.1667 0.5
v 0.0111 0.8586 0.2238
vt 0.1667 0.5
v 0.0095 0.8583 0.2199
vt 0.1667 0.5
v 0.0049 0.8586 0.2213
vt 0.1667 0.5
v 0.0057 0.8589 0.2254
vt 0.1667 0.5
v 0.0000 0.8445 0.2425
vt 0.1667 0.5
v 0.0081 0.8444 0.2417
vt 0.1667 0.5
v 0.0080 0.8489 0.2398
vt 0.1667 0.5
v 0.0000 0.8490 0.2406
vt 0.1667 0.5
v 0.0000 0.8490 0.2406
vt 0.1667 0.5
v 0.0080 0.8489 0.2398
vt 0.1667 0.5
v 0.0076 0.8528 0.2370
vt 0.1667 0.5
v 0.0000 0.8530 0.2377
vt 0.1667 0.5
v 0.0000 0.8530 0.2377
vt 0.1667 0.5
v 0.0076 0.8528 0.2370
vt 0.1667 0.5
v 0.0071 0.8559 0.2335
vt 0.1667 0.5
v 0.0000 0.8561 0.2342
vt 0.1667 0.5
v 0.0000 0.8561 0.2342
vt 0.1667 0.5
v 0.0071 0.8559 0.2335
vt 0.1667 0.5
v 0.0064 0.8580 0.2296
vt 0.1667 0.5
v 0.0000 0.8582 0.2302
vt 0.1667 0.5
v 0.0000 0.8582 0.2302
vt 0.1667 0.5
v 0.0064 0.8580 0.2296
vt 0.1667 0.5
v 0.0057 0.8589 0.2254
vt 0.1667 0.5
v 0.0000 0.8591 0.2259
vt 0.1667 0.5
v 0.0057 0.8589 0.2254
vt 0.1667 0.5
v 0.0049 0.8586 0.2213
vt 0.1667 0.5
v 0.0000 0.8587 0.2218
vt 0.1667 0.5
v 0.0000 0.8591 0.2259
vt 0.1667 0.5
v -0.0080 0.8489 0.2398
vt 0.1667 0.5
v -0.0081 0.8444 0.2417
vt 0.1667 0.5
v 0.0000 0.8445 0.2425
vt 0.1667 0.5
v 0.0000 0.8490 0.2406
vt 0.1667 0.5
v -0.0076 0.8528 0.2370
vt 0.1667 0.5
v -0.0080 0.8489 0.2398
vt 0.1667 0.5
v 0.0000 0.8490 0.2406
vt 0.1667 0.5
v 0.0000 0.8530 0.2377
vt 0.1667 0.5
v -0.0071 0.8559 0.2335
vt 0.1667 0.5
v -0.0076 0.8528 0.2370
vt 0.1667 0.5
v 0.0000 0.8530 0.2377
vt 0.1667 0.5
v 0.0000 0.8561 0.2342
vt 0.1667 0.5
v -0.0064 0.8580 0.2296
vt 0.1667 0.5
v -0.0071 0.8559 0.2335
vt 0.1667 0.5
v 0.0000 0.8561 0.2342
vt 0.1667 0.5
v 0.0000 0.8582 0.2302
vt 0.1667 0.5
v -0.0057 0.8589 0.2254
vt 0.1667 0.5
v -0.0064 0.8580 0.2296
vt 0.1667 0.5
v 0.0000 0.8582 0.2302
vt 0.1667 0.5
v 0.0000 0.8591 0.2259
vt 0.1667 0.5
v 0.0000 0.8587 0.2218
vt 0.1667 0.5
v -0.0049 0.8586 0.2213
vt 0.1667 0.5
v -0.0057 0.8589 0.2254
vt 0.1667 0.5
v 0.0000 0.8591 0.2259
vt 0.1667 0.5
v -0.0157 0.8483 0.2375
vt 0.1667 0.5
v -0.0160 0.8438 0.2394
vt 0.1667 0.5
v -0.0081 0.8444 0.2417
vt 0.1667 0.5
v -0.0080 0.8489 0.2398
vt 0.1667 0.5
v -0.0150 0.8523 0.2348
vt 0.1667 0.5
v -0.0157 0.8483 0.2375
vt 0.1667 0.5
v -0.0080 0.8489 0.2398
vt 0.1667 0.5
v -0.0076 0.8528 0.2370
vt 0.1667 0.5
v -0.0139 0.8554 0.2315
vt 0.1667 0.5
v -0.0150 0.8523 0.2348
vt 0.1667 0.5
v -0.0076 0.8528 0.2370
vt 0.1667 0.5
v -0.0071 0.8559 0.2335
vt 0.1667 0.5
v -0.0126 0.8576 0.2277
vt 0.1667 0.5
v -0.0139 0.8554 0.2315
vt 0.1667 0.5
v -0.0071 0.8559 0.2335
vt 0.1667 0.5
v -0.0064 0.8580 0.2296
vt 0.1667 0.5
v -0.0111 0.8586 0.2238
vt 0.1667 0.5
v -0.0126 0.8576 0.2277
vt 0.1667 0.5
v -0.0064 0.8580 0.2296
vt 0.1667 0.5
v -0.0057 0.8589 0.2254
vt 0.1667 0.5
v -0.0049 0.8586 0.2213
vt 0.1667 0.5
v -0.0095 0.8583 0.2199
vt 0.1667 0.5
v -0.0111 0.8586 0.2238
vt 0.1667 0.5
v -0.0057 0.8589 0.2254
vt 0.1667 0.5
v -0.0227 0.8474 0.2338
vt 0.1667 0.5
v -0.0232 0.8429 0.2356
vt 0.1667 0.5
v -0.0160 0.8438 0.2394
vt 0.1667 0.5
v -0.0157 0.8483 0.2375
vt 0.1667 0.5
v -0.0217 0.8514 0.2313
vt 0.1667 0.5
v -0.0227 0.8474 0.2338
vt 0.1667 0.5
v -0.0157 0.8483 0.2375
vt 0.1667 0.5
v -0.0150 0.8523 0.2348
vt 0.1667 0.5
v -0.0202 0.8547 0.2282
vt 0.1667 0.5
v -0.0217 0.8514 0.2313
vt 0.1667 0.5
v -0.0150 0.8523 0.2348
vt 0.1667 0.5
v -0.0139 0.8554 0.2315
vt 0.1667 0.5
v -0.0183 0.8569 0.2248
vt 0.1667 0.5
v -0.0202 0.8547 0.2282
vt 0.1667 0.5
v -0.0139 0.8554 0.2315
vt 0.1667 0.5
v -0.0126 0.8576 0.2277
vt 0.1667 0.5
v -0.0161 0.8579 0.2212
vt 0.1667 0.5
v -0.0183 0.8569 0.2248
vt 0.1667 0.5
v -0.0126 0.8576 0.2277
vt 0.1667 0.5
v -0.0111 0.8586 0.2238
vt 0.1667 0.5
v -0.0095 0.8583 0.2199
vt 0.1667 0.5
v -0.0138 0.8578 0.2177
vt 0.1667 0.5
v -0.0161 0.8579 0.2212
vt 0.1667 0.5
v -0.0111 0.8586 0.2238
vt 0.1667 0.5
v -0.0289 0.8463 0.2289
vt 0.1667 0.5
v -0.0295 0.8417 0.2306
vt 0.1667 0.5
v -0.0232 0.8429 0.2356
vt 0.1667 0.5
v -0.0227 0.8474 0.2338
vt 0.1667 0.5
v -0.0276 0.8503 0.2266
vt 0.1667 0.5
v -0.0289 0.8463 0.2289
vt 0.1667 0.5
v -0.0227 0.8474 0.2338
vt 0.1667 0.5
v -0.0217 0.8514 0.2313
vt 0.1667 0.5
v -0.0257 0.8536 0.2238
vt 0.1667 0.5
v -0.0276 0.8503 0.2266
vt 0.1667 0.5
v -0.0217 0.8514 0.2313
vt 0.1667 0.5
v -0.0202 0.8547 0.2282
vt 0.1667 0.5
v -0.0233 0.8559 0.2208
vt 0.1667 0.5
v -0.0257 0.8536 0.2238
vt 0.1667 0.5
v -0.0202 0.8547 0.2282
vt 0.1667 0.5
v -0.0183 0.8569 0.2248
vt 0.1667 0.5
v -0.0205 0.8571 0.2177
vt 0.1667 0.5
v -0.0233 0.8559 0.2208
vt 0.1667 0.5
v -0.0183 0.8569 0.2248
vt 0.1667 0.5
v -0.0161 0.8579 0.2212
vt 0.1667 0.5
v -0.0138 0.8578 0.2177
vt 0.1667 0.5
v -0.0176 0.8570 0.2147
vt 0.1667 0.5
v -0.0205 0.8571 0.2177
vt 0.1667 0.5
v -0.0161 0.8579 0.2212
vt 0.1667 0.5
v -0.0340 0.8448 0.2229
vt 0.1667 0.5
v -0.0347 0.8403 0.2244
vt 0.1667 0.5
v -0.0295 0.8417 0.2306
vt 0.1667 0.5
v -0.0289 0.8463 0.2289
vt 0.1667 0.5
v -0.0325 0.8490 0.2208
vt 0.1667 0.5
v -0.0340 0.8448 0.2229
vt 0.1667 0.5
v -0.0289 0.8463 0.2289
vt 0.1667 0.5
v -0.0276 0.8503 0.2266
vt 0.1667 0.5
v -0.0302 0.8523 0.2185
vt 0.1667 0.5
v -0.0325 0.8490 0.2208
vt 0.1667 0.5
v -0.0276 0.8503 0.2266
vt 0.1667 0.5
v -0.0257 0.8536 0.2238
vt 0.1667 0.5
v -0.0274 0.8548 0.2159
vt 0.1667 0.5
v -0.0302 0.8523 0.2185
vt 0.1667 0.5
v -0.0257 0.8536 0.2238
vt 0.1667 0.5
v -0.0233 0.8559 0.2208
vt 0.1667 0.5
v -0.0241 0.8561 0.2134
vt 0.1667 0.5
v -0.0274 0.8548 0.2159
vt 0.1667 0.5
v -0.0233 0.8559 0.2208
vt 0.1667 0.5
v -0.0205 0.8571 0.2177
vt 0.1667 0.5
v -0.0207 0.8562 0.2110
vt 0.1667 0.5
v -0.0241 0.8561 0.2134
vt 0.1667 0.5
v -0.0205 0.8571 0.2177
vt 0.1667 0.5
v -0.0176 0.8570 0.2147
vt 0.1667 0.5
v -0.0378 0.8432 0.2160
vt 0.1667 0.5
v -0.0385 0.8386 0.2174
vt 0.1667 0.5
v -0.0347 0.8403 0.2244
vt 0.1667 0.5
v -0.0340 0.8448 0.2229
vt 0.1667 0.5
v -0.0361 0.8474 0.2143
vt 0.1667 0.5
v -0.0378 0.8432 0.2160
vt 0.1667 0.5
v -0.0340 0.8448 0.2229
vt 0.1667 0.5
v -0.0325 0.8490 0.2208
vt 0.1667 0.5
v -0.0336 0.8509 0.2124
vt 0.1667 0.5
v -0.0361 0.8474 0.2143
vt 0.1667 0.5
v -0.0325 0.8490 0.2208
vt 0.1667 0.5
v -0.0302 0.8523 0.2185
vt 0.1667 0.5
v -0.0304 0.8535 0.2104
vt 0.1667 0.5
v -0.0336 0.8509 0.2124
vt 0.1667 0.5
v -0.0302 0.8523 0.2185
vt 0.1667 0.5
v -0.0274 0.8548 0.2159
vt 0.1667 0.5
v -0.0268 0.8549 0.2085
vt 0.1667 0.5
v -0.0304 0.8535 0.2104
vt 0.1667 0.5
v -0.0274 0.8548 0.2159
vt 0.1667 0.5
v -0.0241 0.8561 0.2134
vt 0.1667 0.5
v -0.0230 0.8552 0.2068
vt 0.1667 0.5
v -0.0268 0.8549 0.2085
vt 0.1667 0.5
v -0.0241 0.8561 0.2134
vt 0.1667 0.5
v -0.0207 0.8562 0.2110
vt 0.1667 0.5
v -0.0401 0.8414 0.2085
vt 0.1667 0.5
v -0.0409 0.8368 0.2098
vt 0.1667 0.5
v -0.0385 0.8386 0.2174
vt 0.1667 0.5
v -0.0378 0.8432 0.2160
vt 0.1667 0.5
v -0.0383 0.8457 0.2071
vt 0.1667 0.5
v -0.0401 0.8414 0.2085
vt 0.1667 0.5
v -0.0378 0.8432 0.2160
vt 0.1667 0.5
v -0.0361 0.8474 0.2143
vt 0.1667 0.5
v -0.0357 0.8493 0.2057
vt 0.1667 0.5
v -0.0383 0.8457 0.2071
vt 0.1667 0.5
v -0.0361 0.8474 0.2143
vt 0.1667 0.5
v -0.0336 0.8509 0.2124
vt 0.1667 0.5
v -0.0323 0.8520 0.2044
vt 0.1667 0.5
v -0.0357 0.8493 0.2057
vt 0.1667 0.5
v -0.0336 0.8509 0.2124
vt 0.1667 0.5
v -0.0304 0.8535 0.2104
vt 0.1667 0.5
v -0.0285 0.8537 0.2032
vt 0.1667 0.5
v -0.0323 0.8520 0.2044
vt 0.1667 0.5
v -0.0304 0.8535 0.2104
vt 0.1667 0.5
v -0.0268 0.8549 0.2085
vt 0.1667 0.5
v -0.0244 0.8541 0.2023
vt 0.1667 0.5
v -0.0285 0.8537 0.2032
vt 0.1667 0.5
v -0.0268 0.8549 0.2085
vt 0.1667 0.5
v -0.0230 0.8552 0.2068
vt 0.1667 0.5
v -0.0409 0.8396 0.2008
vt 0.1667 0.5
v -0.0417 0.8349 0.2019
vt 0.1667 0.5
v -0.0409 0.8368 0.2098
vt 0.1667 0.5
v -0.0401 0.8414 0.2085
vt 0.1667 0.5
v -0.0391 0.8439 0.1997
vt 0.1667 0.5
v -0.0409 0.8396 0.2008
vt 0.1667 0.5
v -0.0401 0.8414 0.2085
vt 0.1667 0.5
v -0.0383 0.8457 0.2071
vt 0.1667 0.5
v -0.0364 0.8477 0.1988
vt 0.1667 0.5
v -0.0391 0.8439 0.1997
vt 0.1667 0.5
v -0.0383 0.8457 0.2071
vt 0.1667 0.5
v -0.0357 0.8493 0.2057
vt 0.1667 0.5
v -0.0329 0.8505 0.1981
vt 0.1667 0.5
v -0.0364 0.8477 0.1988
vt 0.1667 0.5
v -0.0357 0.8493 0.2057
vt 0.1667 0.5
v -0.0323 0.8520 0.2044
vt 0.1667 0.5
v -0.0290 0.8524 0.1977
vt 0.1667 0.5
v -0.0329 0.8505 0.1981
vt 0.1667 0.5
v -0.0323 0.8520 0.2044
vt 0.1667 0.5
v -0.0285 0.8537 0.2032
vt 0.1667 0.5
v -0.0249 0.8530 0.1976
vt 0.1667 0.5
v -0.0290 0.8524 0.1977
vt 0.1667 0.5
v -0.0285 0.8537 0.2032
vt 0.1667 0.5
v -0.0244 0.8541 0.2023
vt 0.1667 0.5
v -0.0401 0.8377 0.1930
vt 0.1667 0.5
v -0.0409 0.8330 0.1940
vt 0.1667 0.5
v -0.0417 0.8349 0.2019
vt 0.1667 0.5
v -0.0409 0.8396 0.2008
vt 0.1667 0.5
v -0.0383 0.8422 0.1923
vt 0.1667 0.5
v -0.0401 0.8377 0.1930
vt 0.1667 0.5
v -0.0409 0.8396 0.2008
vt 0.1667 0.5
v -0.0391 0.8439 0.1997
vt 0.1667 0.5
v -0.0357 0.8460 0.1919
vt 0.1667 0.5
v -0.0383 0.8422 0.1923
vt 0.1667 0.5
v -0.0391 0.8439 0.1997
vt 0.1667 0.5
v -0.0364 0.8477 0.1988
vt 0.1667 0.5
v -0.0323 0.8491 0.1919
vt 0.1667 0.5
v -0.0357 0.8460 0.1919
vt 0.1667 0.5
v -0.0364 0.8477 0.1988
vt 0.1667 0.5
v -0.0329 0.8505 0.1981
vt 0.1667 0.5
v -0.0285 0.8510 0.1922
vt 0.1667 0.5
v -0.0323 0.8491 0.1919
vt 0.1667 0.5
v -0.0329 0.8505 0.1981
vt 0.1667 0.5
v -0.0290 0.8524 0.1977
vt 0.1667 0.5
v -0.0244 0.8518 0.1928
vt 0.1667 0.5
v -0.0285 0.8510 0.1922
vt 0.1667 0.5
v -0.0290 0.8524 0.1977
vt 0.1667 0.5
v -0.0249 0.8530 0.1976
vt 0.1667 0.5
v -0.0378 0.8359 0.1855
vt 0.1667 0.5
v -0.0385 0.8312 0.1863
vt 0.1667 0.5
v -0.0409 0.8330 0.1940
vt 0.1667 0.5
v -0.0401 0.8377 0.1930
vt 0.1667 0.5
v -0.0361 0.8405 0.1852
vt 0.1667 0.5
v -0.0378 0.8359 0.1855
vt 0.1667 0.5
v -0.0401 0.8377 0.1930
vt 0.1667 0.5
v -0.0383 0.8422 0.1923
vt 0.1667 0.5
v -0.0336 0.8444 0.1853
vt 0.1667 0.5
v -0.0361 0.8405 0.1852
vt 0.1667 0.5
v -0.0383 0.8422 0.1923
vt 0.1667 0.5
v -0.0357 0.8460 0.1919
vt 0.1667 0.5
v -0.0304 0.8476 0.1859
vt 0.1667 0.5
v -0.0336 0.8444 0.1853
vt 0.1667 0.5
v -0.0357 0.8460 0.1919
vt 0.1667 0.5
v -0.0323 0.8491 0.1919
vt 0.1667 0.5
v -0.0268 0.8498 0.1869
vt 0.1667 0.5
v -0.0304 0.8476 0.1859
vt 0.1667 0.5
v -0.0323 0.8491 0.1919
vt 0.1667 0.5
v -0.0285 0.8510 0.1922
vt 0.1667 0.5
v -0.0230 0.8508 0.1883
vt 0.1667 0.5
v -0.0268 0.8498 0.1869
vt 0.1667 0.5
v -0.0285 0.8510 0.1922
vt 0.1667 0.5
v -0.0244 0.8518 0.1928
vt 0.1667 0.5
v -0.0340 0.8343 0.1786
vt 0.1667 0.5
v -0.0347 0.8295 0.1793
vt 0.1667 0.5
v -0.0385 0.8312 0.1863
vt 0.1667 0.5
v -0.0378 0.8359 0.1855
vt 0.1667 0.5
v -0.0325 0.8389 0.1786
vt 0.1667 0.5
v -0.0340 0.8343 0.1786
vt 0.1667 0.5
v -0.0378 0.8359 0.1855
vt 0.1667 0.5
v -0.0361 0.8405 0.1852
vt 0.1667 0.5
v -0.0302 0.8430 0.1792
vt 0.1667 0.5
v -0.0325 0.8389 0.1786
vt 0.1667 0.5
v -0.0361 0.8405 0.1852
vt 0.1667 0.5
v -0.0336 0.8444 0.1853
vt 0.1667 0.5
v -0.0274 0.8463 0.1804
vt 0.1667 0.5
v -0.0302 0.8430 0.1792
vt 0.1667 0.5
v -0.0336 0.8444 0.1853
vt 0.1667 0.5
v -0.0304 0.8476 0.1859
vt 0.1667 0.5
v -0.0241 0.8486 0.1820
vt 0.1667 0.5
v -0.0274 0.8463 0.1804
vt 0.1667 0.5
v -0.0304 0.8476 0.1859
vt 0.1667 0.5
v -0.0268 0.8498 0.1869
vt 0.1667 0.5
v -0.0207 0.8498 0.1841
vt 0.1667 0.5
v -0.0241 0.8486 0.1820
vt 0.1667 0.5
v -0.0268 0.8498 0.1869
vt 0.1667 0.5
v -0.0230 0.8508 0.1883
vt 0.1667 0.5
v -0.0289 0.8329 0.1726
vt 0.1667 0.5
v -0.0295 0.8281 0.1732
vt 0.1667 0.5
v -0.0347 0.8295 0.1793
vt 0.1667 0.5
v -0.0340 0.8343 0.1786
vt 0.1667 0.5
v -0.0276 0.8375 0.1728
vt 0.1667 0.5
v -0.0289 0.8329 0.1726
vt 0.1667 0.5
v -0.0340 0.8343 0.1786
vt 0.1667 0.5
v -0.0325 0.8389 0.1786
vt 0.1667 0.5
v -0.0257 0.8417 0.1738
vt 0.1667 0.5
v -0.0276 0.8375 0.1728
vt 0.1667 0.5
v -0.0325 0.8389 0.1786
vt 0.1667 0.5
v -0.0302 0.8430 0.1792
vt 0.1667 0.5
v -0.0233 0.8452 0.1755
vt 0.1667 0.5
v -0.0257 0.8417 0.1738
vt 0.1667 0.5
v -0.0302 0.8430 0.1792
vt 0.1667 0.5
v -0.0274 0.8463 0.1804
vt 0.1667 0.5
v -0.0205 0.8476 0.1778
vt 0.1667 0.5
v -0.0233 0.8452 0.1755
vt 0.1667 0.5
v -0.0274 0.8463 0.1804
vt 0.1667 0.5
v -0.0241 0.8486 0.1820
vt 0.1667 0.5
v -0.0176 0.8489 0.1804
vt 0.1667 0.5
v -0.0205 0.8476 0.1778
vt 0.1667 0.5
v -0.0241 0.8486 0.1820
vt 0.1667 0.5
v -0.0207 0.8498 0.1841
vt 0.1667 0.5
v -0.0227 0.8317 0.1677
vt 0.1667 0.5
v -0.0232 0.8268 0.1681
vt 0.1667 0.5
v -0.0295 0.8281 0.1732
vt 0.1667 0.5
v -0.0289 0.8329 0.1726
vt 0.1667 0.5
v -0.0217 0.8364 0.1681
vt 0.1667 0.5
v -0.0227 0.8317 0.1677
vt 0.1667 0.5
v -0.0289 0.8329 0.1726
vt 0.1667 0.5
v -0.0276 0.8375 0.1728
vt 0.1667 0.5
v -0.0202 0.8407 0.1694
vt 0.1667 0.5
v -0.0217 0.8364 0.1681
vt 0.1667 0.5
v -0.0276 0.8375 0.1728
vt 0.1667 0.5
v -0.0257 0.8417 0.1738
vt 0.1667 0.5
v -0.0183 0.8442 0.1715
vt 0.1667 0.5
v -0.0202 0.8407 0.1694
vt 0.1667 0.5
v -0.0257 0.8417 0.1738
vt 0.1667 0.5
v -0.0233 0.8452 0.1755
vt 0.1667 0.5
v -0.0161 0.8468 0.1742
vt 0.1667 0.5
v -0.0183 0.8442 0.1715
vt 0.1667 0.5
v -0.0233 0.8452 0.1755
vt 0.1667 0.5
v -0.0205 0.8476 0.1778
vt 0.1667 0.5
v -0.0138 0.8482 0.1774
vt 0.1667 0.5
v -0.0161 0.8468 0.1742
vt 0.1667 0.5
v -0.0205 0.8476 0.1778
vt 0.1667 0.5
v -0.0176 0.8489 0.1804
vt 0.1667 0.5
v -0.0157 0.8308 0.1640
vt 0.1667 0.5
v -0.0160 0.8260 0.1644
vt 0.1667 0.5
v -0.0232 0.8268 0.1681
vt 0.1667 0.5
v -0.0227 0.8317 0.1677
vt 0.1667 0.5
v -0.0150 0.8356 0.1646
vt 0.1667 0.5
v -0.0157 0.8308 0.1640
vt 0.1667 0.5
v -0.0227 0.8317 0.1677
vt 0.1667 0.5
v -0.0217 0.8364 0.1681
vt 0.1667 0.5
v -0.0139 0.8399 0.1662
vt 0.1667 0.5
v -0.0150 0.8356 0.1646
vt 0.1667 0.5
v -0.0217 0.8364 0.1681
vt 0.1667 0.5
v -0.0202 0.8407 0.1694
vt 0.1667 0.5
v -0.0126 0.8435 0.1686
vt 0.1667 0.5
v -0.0139 0.8399 0.1662
vt 0.1667 0.5
v -0.0202 0.8407 0.1694
vt 0.1667 0.5
v -0.0183 0.8442 0.1715
vt 0.1667 0.5
v -0.0111 0.8461 0.1716
vt 0.1667 0.5
v -0.0126 0.8435 0.1686
vt 0.1667 0.5
v -0.0183 0.8442 0.1715
vt 0.1667 0.5
v -0.0161 0.8468 0.1742
vt 0.1667 0.5
v -0.0095 0.8476 0.1752
vt 0.1667 0.5
v -0.0111 0.8461 0.1716
vt 0.1667 0.5
v -0.0161 0.8468 0.1742
vt 0.1667 0.5
v -0.0138 0.8482 0.1774
vt 0.1667 0.5
v -0.0080 0.8303 0.1617
vt 0.1667 0.5
v -0.0081 0.8254 0.1621
vt 0.1667 0.5
v -0.0160 0.8260 0.1644
vt 0.1667 0.5
v -0.0157 0.8308 0.1640
vt 0.1667 0.5
v -0.0076 0.8350 0.1624
vt 0.1667 0.5
v -0.0080 0.8303 0.1617
vt 0.1667 0.5
v -0.0157 0.8308 0.1640
vt 0.1667 0.5
v -0.0150 0.8356 0.1646
vt 0.1667 0.5
v -0.0071 0.8394 0.1641
vt 0.1667 0.5
v -0.0076 0.8350 0.1624
vt 0.1667 0.5
v -0.0150 0.8356 0.1646
vt 0.1667 0.5
v -0.0139 0.8399 0.1662
vt 0.1667 0.5
v -0.0064 0.8431 0.1667
vt 0.1667 0.5
v -0.0071 0.8394 0.1641
vt 0.1667 0.5
v -0.0139 0.8399 0.1662
vt 0.1667 0.5
v -0.0126 0.8435 0.1686
vt 0.1667 0.5
v -0.0057 0.8458 0.1700
vt 0.1667 0.5
v -0.0064 0.8431 0.1667
vt 0.1667 0.5
v -0.0126 0.8435 0.1686
vt 0.1667 0.5
v -0.0111 0.8461 0.1716
vt 0.1667 0.5
v -0.0049 0.8473 0.1738
vt 0.1667 0.5
v -0.0057 0.8458 0.1700
vt 0.1667 0.5
v -0.0111 0.8461 0.1716
vt 0.1667 0.5
v -0.0095 0.8476 0.1752
vt 0.1667 0.5
v 0.0000 0.8301 0.1610
vt 0.1667 0.5
v 0.0000 0.8252 0.1613
vt 0.1667 0.5
v -0.0081 0.8254 0.1621
vt 0.1667 0.5
v -0.0080 0.8303 0.1617
vt 0.1667 0.5
v 0.0000 0.8349 0.1617
vt 0.1667 0.5
v 0.0000 0.8301 0.1610
vt 0.1667 0.5
v -0.0080 0.8303 0.1617
vt 0.1667 0.5
v -0.0076 0.8350 0.1624
vt 0.1667 0.5
v 0.0000 0.8393 0.1635
vt 0.1667 0.5
v 0.0000 0.8349 0.1617
vt 0.1667 0.5
v -0.0076 0.8350 0.1624
vt 0.1667 0.5
v -0.0071 0.8394 0.1641
vt 0.1667 0.5
v 0.0000 0.8429 0.1661
vt 0.1667 0.5
v 0.0000 0.8393 0.1635
vt 0.1667 0.5
v -0.0071 0.8394 0.1641
vt 0.1667 0.5
v -0.0064 0.8431 0.1667
vt 0.1667 0.5
v 0.0000 0.8456 0.1695
vt 0.1667 0.5
v 0.0000 0.8429 0.1661
vt 0.1667 0.5
v -0.0064 0.8431 0.1667
vt 0.1667 0.5
v -0.0057 0.8458 0.1700
vt 0.1667 0.5
v 0.0000 0.8472 0.1733
vt 0.1667 0.5
v 0.0000 0.8456 0.1695
vt 0.1667 0.5
v -0.0057 0.8458 0.1700
vt 0.1667 0.5
v -0.0049 0.8473 0.1738
vt 0.1667 0.5
v 0.0049 0.8473 0.1738
vt 0.1667 0.5
v 0.0000 0.8472 0.1733
vt 0.1667 0.5
v -0.0049 0.8473 0.1738
vt 0.1667 0.5
v 0.0095 0.8476 0.1752
vt 0.1667 0.5
v -0.0095 0.8476 0.1752
vt 0.1667 0.5
v 0.0138 0.8482 0.1774
vt 0.1667 0.5
v -0.0138 0.8482 0.1774
vt 0.1667 0.5
v 0.0176 0.8489 0.1804
vt 0.1667 0.5
v -0.0176 0.8489 0.1804
vt 0.1667 0.5
v -0.0207 0.8498 0.1841
vt 0.1667 0.5
v 0.0207 0.8498 0.1841
vt 0.1667 0.5
v -0.0230 0.8508 0.1883
vt 0.1667 0.5
v 0.0230 0.8508 0.1883
vt 0.1667 0.5
v 0.0244 0.8518 0.1928
vt 0.1667 0.5
v -0.0244 0.8518 0.1928
vt 0.1667 0.5
v 0.0249 0.8530 0.1976
vt 0.1667 0.5
v -0.0249 0.8530 0.1976
vt 0.1667 0.5
v 0.0244 0.8541 0.2023
vt 0.1667 0.5
v -0.0244 0.8541 0.2023
vt 0.1667 0.5
v 0.0230 0.8552 0.2068
vt 0.1667 0.5
v -0.0230 0.8552 0.2068
vt 0.1667 0.5
v 0.0207 0.8562 0.2110
vt 0.1667 0.5
v -0.0207 0.8562 0.2110
vt 0.1667 0.5
v 0.0176 0.8570 0.2147
vt 0.1667 0.5
v -0.0176 0.8570 0.2147
vt 0.1667 0.5
v 0.0138 0.8578 0.2177
vt 0.1667 0.5
v -0.0138 0.8578 0.2177
vt 0.1667 0.5
v 0.0095 0.8583 0.2199
vt 0.1667 0.5
v -0.0095 0.8583 0.2199
vt 0.1667 0.5
v 0.0049 0.8586 0.2213
vt 0.1667 0.5
v -0.0049 0.8586 0.2213
vt 0.1667 0.5
v 0.0000 0.8587 0.2218
vt 0.1667 0.5
v 0.0278 0.6096 0.1118
vt 0.1667 0.5
v 0.0000 0.6089 0.1091
vt 0.1667 0.5
v 0.0000 0.7285 0.1570
vt 0.1667 0.5
v 0.0133 0.7288 0.1583
vt 0.1667 0.5
v -0.0434 0.7401 0.2059
vt 0.1667 0.5
v -0.0631 0.7382 0.1980
vt 0.1667 0.5
v -0.0670 0.7412 0.2105
vt 0.1667 0.5
v -0.0461 0.7421 0.2145
vt 0.1667 0.5
v 0.0483 0.7555 0.2704
vt 0.1667 0.5
v 0.0332 0.7520 0.2558
vt 0.1667 0.5
v 0.0261 0.7533 0.2615
vt 0.1667 0.5
v 0.0380 0.7574 0.2787
vt 0.1667 0.5
v -0.0391 0.7382 0.1980
vt 0.1667 0.5
v -0.0568 0.7355 0.1865
vt 0.1667 0.5
v -0.0631 0.7382 0.1980
vt 0.1667 0.5
v -0.0434 0.7401 0.2059
vt 0.1667 0.5
v 0.0380 0.7574 0.2787
vt 0.1667 0.5
v 0.0261 0.7533 0.2615
vt 0.1667 0.5
v 0.0180 0.7543 0.2657
vt 0.1667 0.5
v 0.0261 0.7589 0.2848
vt 0.1667 0.5
v 0.0133 0.7288 0.1583
vt 0.1667 0.5
v 0.0000 0.7285 0.1570
vt 0.1667 0.5
v 0.0000 0.7334 0.1777
vt 0.1667 0.5
v 0.0092 0.7336 0.1786
vt 0.1667 0.5
v -0.0332 0.7366 0.1911
vt 0.1667 0.5
v -0.0483 0.7331 0.1764
vt 0.1667 0.5
v -0.0568 0.7355 0.1865
vt 0.1667 0.5
v -0.0391 0.7382 0.1980
vt 0.1667 0.5
v 0.0261 0.7589 0.2848
vt 0.1667 0.5
v 0.0180 0.7543 0.2657
vt 0.1667 0.5
v 0.0092 0.7550 0.2683
vt 0.1667 0.5
v 0.0133 0.7598 0.2886
vt 0.1667 0.5
v 0.0261 0.7297 0.1620
vt 0.1667 0.5
v 0.0133 0.7288 0.1583
vt 0.1667 0.5
v 0.0092 0.7336 0.1786
vt 0.1667 0.5
v 0.0180 0.7342 0.1812
vt 0.1667 0.5
v -0.0261 0.7352 0.1854
vt 0.1667 0.5
v -0.0380 0.7311 0.1682
vt 0.1667 0.5
v -0.0483 0.7331 0.1764
vt 0.1667 0.5
v -0.0332 0.7366 0.1911
vt 0.1667 0.5
v 0.0133 0.7598 0.2886
vt 0.1667 0.5
v 0.0092 0.7550 0.2683
vt 0.1667 0.5
v 0.0000 0.7552 0.2692
vt 0.1667 0.5
v 0.0000 0.7601 0.2899
vt 0.1667 0.5
v 0.0380 0.7311 0.1682
vt 0.1667 0.5
v 0.0261 0.7297 0.1620
vt 0.1667 0.5
v 0.0180 0.7342 0.1812
vt 0.1667 0.5
v 0.0261 0.7352 0.1854
vt 0.1667 0.5
v -0.0180 0.7342 0.1812
vt 0.1667 0.5
v -0.0261 0.7297 0.1620
vt 0.1667 0.5
v -0.0380 0.7311 0.1682
vt 0.1667 0.5
v -0.0261 0.7352 0.1854
vt 0.1667 0.5
v 0.0000 0.7552 0.2692
vt 0.1667 0.5
v -0.0092 0.7550 0.2683
vt 0.1667 0.5
v -0.0133 0.7598 0.2886
vt 0.1667 0.5
v 0.0000 0.7601 0.2899
vt 0.1667 0.5
v 0.0483 0.7331 0.1764
vt 0.1667 0.5
v 0.0380 0.7311 0.1682
vt 0.1667 0.5
v 0.0261 0.7352 0.1854
vt 0.1667 0.5
v 0.0332 0.7366 0.1911
vt 0.1667 0.5
v -0.0092 0.7336 0.1786
vt 0.1667 0.5
v -0.0133 0.7288 0.1583
vt 0.1667 0.5
v -0.0261 0.7297 0.1620
vt 0.1667 0.5
v -0.0180 0.7342 0.1812
vt 0.1667 0.5
v -0.0092 0.7550 0.2683
vt 0.1667 0.5
v -0.0180 0.7543 0.2657
vt 0.1667 0.5
v -0.0261 0.7589 0.2848
vt 0.1667 0.5
v -0.0133 0.7598 0.2886
vt 0.1667 0.5
v 0.0568 0.7355 0.1865
vt 0.1667 0.5
v 0.0483 0.7331 0.1764
vt 0.1667 0.5
v 0.0332 0.7366 0.1911
vt 0.1667 0.5
v 0.0391 0.7382 0.1980
vt 0.1667 0.5
v 0.0000 0.7334 0.1777
vt 0.1667 0.5
v 0.0000 0.7285 0.1570
vt 0.1667 0.5
v -0.0133 0.7288 0.1583
vt 0.1667 0.5
v -0.0092 0.7336 0.1786
vt 0.1667 0.5
v -0.0180 0.7543 0.2657
vt 0.1667 0.5
v -0.0261 0.7533 0.2615
vt 0.1667 0.5
v -0.0380 0.7574 0.2787
vt 0.1667 0.5
v -0.0261 0.7589 0.2848
vt 0.1667 0.5
v 0.0631 0.7382 0.1980
vt 0.1667 0.5
v 0.0568 0.7355 0.1865
vt 0.1667 0.5
v 0.0391 0.7382 0.1980
vt 0.1667 0.5
v 0.0434 0.7401 0.2059
vt 0.1667 0.5
v -0.0261 0.7533 0.2615
vt 0.1667 0.5
v -0.0332 0.7520 0.2558
vt 0.1667 0.5
v -0.0483 0.7555 0.2704
vt 0.1667 0.5
v -0.0380 0.7574 0.2787
vt 0.1667 0.5
v 0.0670 0.7412 0.2105
vt 0.1667 0.5
v 0.0631 0.7382 0.1980
vt 0.1667 0.5
v 0.0434 0.7401 0.2059
vt 0.1667 0.5
v 0.0461 0.7421 0.2145
vt 0.1667 0.5
v -0.0332 0.7520 0.2558
vt 0.1667 0.5
v -0.0391 0.7503 0.2489
vt 0.1667 0.5
v -0.0568 0.7531 0.2604
vt 0.1667 0.5
v -0.0483 0.7555 0.2704
vt 0.1667 0.5
v 0.0683 0.7443 0.2234
vt 0.1667 0.5
v 0.0670 0.7412 0.2105
vt 0.1667 0.5
v 0.0461 0.7421 0.2145
vt 0.1667 0.5
v 0.0470 0.7443 0.2234
vt 0.1667 0.5
v -0.0391 0.7503 0.2489
vt 0.1667 0.5
v -0.0434 0.7484 0.2409
vt 0.1667 0.5
v -0.0631 0.7503 0.2489
vt 0.1667 0.5
v -0.0568 0.7531 0.2604
vt 0.1667 0.5
v 0.0670 0.7474 0.2364
vt 0.1667 0.5
v 0.0683 0.7443 0.2234
vt 0.1667 0.5
v 0.0470 0.7443 0.2234
vt 0.1667 0.5
v 0.0461 0.7464 0.2324
vt 0.1667 0.5
v -0.0434 0.7484 0.2409
vt 0.1667 0.5
v -0.0461 0.7464 0.2324
vt 0.1667 0.5
v -0.0670 0.7474 0.2364
vt 0.1667 0.5
v -0.0631 0.7503 0.2489
vt 0.1667 0.5
v 0.0670 0.7474 0.2364
vt 0.1667 0.5
v 0.0461 0.7464 0.2324
vt 0.1667 0.5
v 0.0434 0.7484 0.2409
vt 0.1667 0.5
v 0.0631 0.7503 0.2489
vt 0.1667 0.5
v -0.0470 0.7443 0.2234
vt 0.1667 0.5
v -0.0683 0.7443 0.2234
vt 0.1667 0.5
v -0.0670 0.7474 0.2364
vt 0.1667 0.5
v -0.0461 0.7464 0.2324
vt 0.1667 0.5
v 0.0631 0.7503 0.2489
vt 0.1667 0.5
v 0.0434 0.7484 0.2409
vt 0.1667 0.5
v 0.0391 0.7503 0.2489
vt 0.1667 0.5
v 0.0568 0.7531 0.2604
vt 0.1667 0.5
v -0.0461 0.7421 0.2145
vt 0.1667 0.5
v -0.0670 0.7412 0.2105
vt 0.1667 0.5
v -0.0683 0.7443 0.2234
vt 0.1667 0.5
v -0.0470 0.7443 0.2234
vt 0.1667 0.5
v -0.0483 0.7331 0.1764
vt 0.1667 0.5
v -0.1008 0.6186 0.1497
vt 0.1667 0.5
v -0.1185 0.6236 0.1707
vt 0.1667 0.5
v -0.0568 0.7355 0.1865
vt 0.1667 0.5
v 0.0278 0.6743 0.3838
vt 0.1667 0.5
v 0.0546 0.6724 0.3759
vt 0.1667 0.5
v 0.0261 0.7589 0.2848
vt 0.1667 0.5
v 0.0133 0.7598 0.2886
vt 0.1667 0.5
v 0.0546 0.6114 0.1197
vt 0.1667 0.5
v 0.0278 0.6096 0.1118
vt 0.1667 0.5
v 0.0133 0.7288 0.1583
vt 0.1667 0.5
v 0.0261 0.7297 0.1620
vt 0.1667 0.5
v -0.0380 0.7311 0.1682
vt 0.1667 0.5
v -0.0792 0.6145 0.1325
vt 0.1667 0.5
v -0.1008 0.6186 0.1497
vt 0.1667 0.5
v -0.0483 0.7331 0.1764
vt 0.1667 0.5
v 0.0000 0.6750 0.3865
vt 0.1667 0.5
v 0.0278 0.6743 0.3838
vt 0.1667 0.5
v 0.0133 0.7598 0.2886
vt 0.1667 0.5
v 0.0000 0.7601 0.2899
vt 0.1667 0.5
v 0.0792 0.6145 0.1325
vt 0.1667 0.5
v 0.0546 0.6114 0.1197
vt 0.1667 0.5
v 0.0261 0.7297 0.1620
vt 0.1667 0.5
v 0.0380 0.7311 0.1682
vt 0.1667 0.5
v -0.0261 0.7297 0.1620
vt 0.1667 0.5
v -0.0546 0.6114 0.1197
vt 0.1667 0.5
v -0.0792 0.6145 0.1325
vt 0.1667 0.5
v -0.0380 0.7311 0.1682
vt 0.1667 0.5
v -0.0133 0.7598 0.2886
vt 0.1667 0.5
v -0.0278 0.6743 0.3838
vt 0.1667 0.5
v 0.0000 0.6750 0.3865
vt 0.1667 0.5
v 0.0000 0.7601 0.2899
vt 0.1667 0.5
v 0.1008 0.6186 0.1497
vt 0.1667 0.5
v 0.0792 0.6145 0.1325
vt 0.1667 0.5
v 0.0380 0.7311 0.1682
vt 0.1667 0.5
v 0.0483 0.7331 0.1764
vt 0.1667 0.5
v -0.0133 0.7288 0.1583
vt 0.1667 0.5
v -0.0278 0.6096 0.1118
vt 0.1667 0.5
v -0.0546 0.6114 0.1197
vt 0.1667 0.5
v -0.0261 0.7297 0.1620
vt 0.1667 0.5
v -0.0261 0.7589 0.2848
vt 0.1667 0.5
v -0.0546 0.6724 0.3759
vt 0.1667 0.5
v -0.0278 0.6743 0.3838
vt 0.1667 0.5
v -0.0133 0.7598 0.2886
vt 0.1667 0.5
v 0.1185 0.6236 0.1707
vt 0.1667 0.5
v 0.1008 0.6186 0.1497
vt 0.1667 0.5
v 0.0483 0.7331 0.1764
vt 0.1667 0.5
v 0.0568 0.7355 0.1865
vt 0.1667 0.5
v 0.0000 0.7285 0.1570
vt 0.1667 0.5
v 0.0000 0.6089 0.1091
vt 0.1667 0.5
v -0.0278 0.6096 0.1118
vt 0.1667 0.5
v -0.0133 0.7288 0.1583
vt 0.1667 0.5
v -0.0380 0.7574 0.2787
vt 0.1667 0.5
v -0.0792 0.6694 0.3631
vt 0.1667 0.5
v -0.0546 0.6724 0.3759
vt 0.1667 0.5
v -0.0261 0.7589 0.2848
vt 0.1667 0.5
v 0.1317 0.6293 0.1947
vt 0.1667 0.5
v 0.1185 0.6236 0.1707
vt 0.1667 0.5
v 0.0568 0.7355 0.1865
vt 0.1667 0.5
v 0.0631 0.7382 0.1980
vt 0.1667 0.5
v -0.0483 0.7555 0.2704
vt 0.1667 0.5
v -0.1008 0.6653 0.3459
vt 0.1667 0.5
v -0.0792 0.6694 0.3631
vt 0.1667 0.5
v -0.0380 0.7574 0.2787
vt 0.1667 0.5
v 0.1398 0.6355 0.2207
vt 0.1667 0.5
v 0.1317 0.6293 0.1947
vt 0.1667 0.5
v 0.0631 0.7382 0.1980
vt 0.1667 0.5
v 0.0670 0.7412 0.2105
vt 0.1667 0.5
v -0.0568 0.7531 0.2604
vt 0.1667 0.5
v -0.1185 0.6603 0.3249
vt 0.1667 0.5
v -0.1008 0.6653 0.3459
vt 0.1667 0.5
v -0.0483 0.7555 0.2704
vt 0.1667 0.5
v 0.1426 0.6419 0.2478
vt 0.1667 0.5
v 0.1398 0.6355 0.2207
vt 0.1667 0.5
v 0.0670 0.7412 0.2105
vt 0.1667 0.5
v 0.0683 0.7443 0.2234
vt 0.1667 0.5
v -0.0631 0.7503 0.2489
vt 0.1667 0.5
v -0.1317 0.6546 0.3009
vt 0.1667 0.5
v -0.1185 0.6603 0.3249
vt 0.1667 0.5
v -0.0568 0.7531 0.2604
vt 0.1667 0.5
v 0.1398 0.6484 0.2749
vt 0.1667 0.5
v 0.1426 0.6419 0.2478
vt 0.1667 0.5
v 0.0683 0.7443 0.2234
vt 0.1667 0.5
v 0.0670 0.7474 0.2364
vt 0.1667 0.5
v -0.0670 0.7474 0.2364
vt 0.1667 0.5
v -0.1398 0.6484 0.2749
vt 0.1667 0.5
v -0.1317 0.6546 0.3009
vt 0.1667 0.5
v -0.0631 0.7503 0.2489
vt 0.1667 0.5
v 0.1317 0.6546 0.3009
vt 0.1667 0.5
v 0.1398 0.6484 0.2749
vt 0.1667 0.5
v 0.0670 0.7474 0.2364
vt 0.1667 0.5
v 0.0631 0.7503 0.2489
vt 0.1667 0.5
v -0.0683 0.7443 0.2234
vt 0.1667 0.5
v -0.1426 0.6419 0.2478
vt 0.1667 0.5
v -0.1398 0.6484 0.2749
vt 0.1667 0.5
v -0.0670 0.7474 0.2364
vt 0.1667 0.5
v 0.1185 0.6603 0.3249
vt 0.1667 0.5
v 0.1317 0.6546 0.3009
vt 0.1667 0.5
v 0.0631 0.7503 0.2489
vt 0.1667 0.5
v 0.0568 0.7531 0.2604
vt 0.1667 0.5
v -0.0670 0.7412 0.2105
vt 0.1667 0.5
v -0.1398 0.6355 0.2207
vt 0.1667 0.5
v -0.1426 0.6419 0.2478
vt 0.1667 0.5
v -0.0683 0.7443 0.2234
vt 0.1667 0.5
v 0.1008 0.6653 0.3459
vt 0.1667 0.5
v 0.1185 0.6603 0.3249
vt 0.1667 0.5
v 0.0568 0.7531 0.2604
vt 0.1667 0.5
v 0.0483 0.7555 0.2704
vt 0.1667 0.5
v -0.0631 0.7382 0.1980
vt 0.1667 0.5
v -0.1317 0.6293 0.1947
vt 0.1667 0.5
v -0.1398 0.6355 0.2207
vt 0.1667 0.5
v -0.0670 0.7412 0.2105
vt 0.1667 0.5
v 0.0792 0.6694 0.3631
vt 0.1667 0.5
v 0.1008 0.6653 0.3459
vt 0.1667 0.5
v 0.0483 0.7555 0.2704
vt 0.1667 0.5
v 0.0380 0.7574 0.2787
vt 0.1667 0.5
v -0.0568 0.7355 0.1865
vt 0.1667 0.5
v -0.1185 0.6236 0.1707
vt 0.1667 0.5
v -0.1317 0.6293 0.1947
vt 0.1667 0.5
v -0.0631 0.7382 0.1980
vt 0.1667 0.5
v 0.0546 0.6724 0.3759
vt 0.1667 0.5
v 0.0792 0.6694 0.3631
vt 0.1667 0.5
v 0.0380 0.7574 0.2787
vt 0.1667 0.5
v 0.0261 0.7589 0.2848
vt 0.1667 0.5
v -0.0088 0.7312 0.1813
vt 0.1667 0.5
v 0.0000 0.7310 0.1805
vt 0.1667 0.5
v 0.0000 0.8255 0.1646
vt 0.1667 0.5
v -0.0075 0.8256 0.1653
vt 0.1667 0.5
v 0.0147 0.8262 0.1674
vt 0.1667 0.5
v 0.0172 0.7318 0.1838
vt 0.1667 0.5
v 0.0249 0.7328 0.1878
vt 0.1667 0.5
v 0.0214 0.8270 0.1709
vt 0.1667 0.5
v 0.0214 0.8270 0.1709
vt 0.1667 0.5
v 0.0249 0.7328 0.1878
vt 0.1667 0.5
v 0.0317 0.7341 0.1933
vt 0.1667 0.5
v 0.0272 0.8281 0.1755
vt 0.1667 0.5
v 0.0272 0.8281 0.1755
vt 0.1667 0.5
v 0.0317 0.7341 0.1933
vt 0.1667 0.5
v 0.0373 0.7356 0.1999
vt 0.1667 0.5
v 0.0320 0.8294 0.1812
vt 0.1667 0.5
v 0.0320 0.8294 0.1812
vt 0.1667 0.5
v 0.0373 0.7356 0.1999
vt 0.1667 0.5
v 0.0414 0.7374 0.2074
vt 0.1667 0.5
v 0.0355 0.8310 0.1877
vt 0.1667 0.5
v 0.0355 0.8310 0.1877
vt 0.1667 0.5
v 0.0414 0.7374 0.2074
vt 0.1667 0.5
v 0.0440 0.7394 0.2156
vt 0.1667 0.5
v 0.0377 0.8326 0.1947
vt 0.1667 0.5
v 0.0377 0.8326 0.1947
vt 0.1667 0.5
v 0.0440 0.7394 0.2156
vt 0.1667 0.5
v 0.0449 0.7414 0.2241
vt 0.1667 0.5
v 0.0385 0.8344 0.2020
vt 0.1667 0.5
v 0.0385 0.8344 0.2020
vt 0.1667 0.5
v 0.0449 0.7414 0.2241
vt 0.1667 0.5
v 0.0440 0.7434 0.2326
vt 0.1667 0.5
v 0.0377 0.8361 0.2093
vt 0.1667 0.5
v 0.0377 0.8361 0.2093
vt 0.1667 0.5
v 0.0440 0.7434 0.2326
vt 0.1667 0.5
v 0.0414 0.7454 0.2408
vt 0.1667 0.5
v 0.0355 0.8378 0.2163
vt 0.1667 0.5
v 0.0355 0.8378 0.2163
vt 0.1667 0.5
v 0.0414 0.7454 0.2408
vt 0.1667 0.5
v 0.0373 0.7472 0.2484
vt 0.1667 0.5
v 0.0320 0.8393 0.2228
vt 0.1667 0.5
v 0.0320 0.8393 0.2228
vt 0.1667 0.5
v 0.0373 0.7472 0.2484
vt 0.1667 0.5
v 0.0317 0.7488 0.2550
vt 0.1667 0.5
v 0.0272 0.8407 0.2284
vt 0.1667 0.5
v 0.0272 0.8407 0.2284
vt 0.1667 0.5
v 0.0317 0.7488 0.2550
vt 0.1667 0.5
v 0.0249 0.7500 0.2604
vt 0.1667 0.5
v 0.0214 0.8418 0.2331
vt 0.1667 0.5
v 0.0214 0.8418 0.2331
vt 0.1667 0.5
v 0.0249 0.7500 0.2604
vt 0.1667 0.5
v 0.0172 0.7510 0.2644
vt 0.1667 0.5
v 0.0147 0.8426 0.2366
vt 0.1667 0.5
v 0.0147 0.8426 0.2366
vt 0.1667 0.5
v 0.0172 0.7510 0.2644
vt 0.1667 0.5
v 0.0088 0.7516 0.2669
vt 0.1667 0.5
v 0.0075 0.8431 0.2387
vt 0.1667 0.5
v 0.0075 0.8431 0.2387
vt 0.1667 0.5
v 0.0088 0.7516 0.2669
vt 0.1667 0.5
v 0.0000 0.7518 0.2678
vt 0.1667 0.5
v 0.0000 0.8433 0.2394
vt 0.1667 0.5
v 0.0000 0.7518 0.2678
vt 0.1667 0.5
v -0.0088 0.7516 0.2669
vt 0.1667 0.5
v -0.0075 0.8431 0.2387
vt 0.1667 0.5
v 0.0000 0.8433 0.2394
vt 0.1667 0.5
v -0.0088 0.7516 0.2669
vt 0.1667 0.5
v -0.0172 0.7510 0.2644
vt 0.1667 0.5
v -0.0147 0.8426 0.2366
vt 0.1667 0.5
v -0.0075 0.8431 0.2387
vt 0.1667 0.5
v -0.0172 0.7510 0.2644
vt 0.1667 0.5
v -0.0249 0.7500 0.2604
vt 0.1667 0.5
v -0.0214 0.8418 0.2331
vt 0.1667 0.5
v -0.0147 0.8426 0.2366
vt 0.1667 0.5
v -0.0249 0.7500 0.2604
vt 0.1667 0.5
v -0.0317 0.7488 0.2550
vt 0.1667 0.5
v -0.0272 0.8407 0.2284
vt 0.1667 0.5
v -0.0214 0.8418 0.2331
vt 0.1667 0.5
v -0.0317 0.7488 0.2550
vt 0.1667 0.5
v -0.0373 0.7472 0.2484
vt 0.1667 0.5
v -0.0320 0.8393 0.2228
vt 0.1667 0.5
v -0.0272 0.8407 0.2284
vt 0.1667 0.5
v -0.0373 0.7472 0.2484
vt 0.1667 0.5
v -0.0414 0.7454 0.2408
vt 0.1667 0.5
v -0.0355 0.8378 0.2163
vt 0.1667 0.5
v -0.0320 0.8393 0.2228
vt 0.1667 0.5
v -0.0414 0.7454 0.2408
vt 0.1667 0.5
v -0.0440 0.7434 0.2326
vt 0.1667 0.5
v -0.0377 0.8361 0.2093
vt 0.1667 0.5
v -0.0355 0.8378 0.2163
vt 0.1667 0.5
v -0.0440 0.7434 0.2326
vt 0.1667 0.5
v -0.0449 0.7414 0.2241
vt 0.1667 0.5
v -0.0385 0.8344 0.2020
vt 0.1667 0.5
v -0.0377 0.8361 0.2093
vt 0.1667 0.5
v -0.0449 0.7414 0.2241
vt 0.1667 0.5
v -0.0440 0.7394 0.2156
vt 0.1667 0.5
v -0.0377 0.8326 0.1947
vt 0.1667 0.5
v -0.0385 0.8344 0.2020
vt 0.1667 0.5
v -0.0440 0.7394 0.2156
vt 0.1667 0.5
v -0.0414 0.7374 0.2074
vt 0.1667 0.5
v -0.0355 0.8310 0.1877
vt 0.1667 0.5
v -0.0377 0.8326 0.1947
vt 0.1667 0.5
v -0.0414 0.7374 0.2074
vt 0.1667 0.5
v -0.0373 0.7356 0.1999
vt 0.1667 0.5
v -0.0320 0.8294 0.1812
vt 0.1667 0.5
v -0.0355 0.8310 0.1877
vt 0.1667 0.5
v -0.0373 0.7356 0.1999
vt 0.1667 0.5
v -0.0317 0.7341 0.1933
vt 0.1667 0.5
v -0.0272 0.8281 0.1755
vt 0.1667 0.5
v -0.0320 0.8294 0.1812
vt 0.1667 0.5
v -0.0317 0.7341 0.1933
vt 0.1667 0.5
v -0.0249 0.7328 0.1878
vt 0.1667 0.5
v -0.0214 0.8270 0.1709
vt 0.1667 0.5
v -0.0272 0.8281 0.1755
vt 0.1667 0.5
v -0.0249 0.7328 0.1878
vt 0.1667 0.5
v -0.0172 0.7318 0.1838
vt 0.1667 0.5
v -0.0147 0.8262 0.1674
vt 0.1667 0.5
v -0.0214 0.8270 0.1709
vt 0.1667 0.5
v -0.0172 0.7318 0.1838
vt 0.1667 0.5
v -0.0088 0.7312 0.1813
vt 0.1667 0.5
v -0.0075 0.8256 0.1653
vt 0.1667 0.5
v -0.0147 0.8262 0.1674
vt 0.1667 0.5
v 0.0000 0.8255 0.1646
vt 0.1667 0.5
v 0.0000 0.7310 0.1805
vt 0.1667 0.5
v 0.0088 0.7312 0.1813
vt 0.1667 0.5
v 0.0075 0.8256 0.1653
vt 0.1667 0.5
v 0.0075 0.8256 0.1653
vt 0.1667 0.5
v 0.0088 0.7312 0.1813
vt 0.1667 0.5
v 0.0172 0.7318 0.1838
vt 0.1667 0.5
v 0.0147 0.8262 0.1674
vt 0.1667 0.5
v 0.0317 0.7488 0.2550
vt 0.1667 0.5
v 0.0373 0.7472 0.2484
vt 0.1667 0.5
v 0.0556 0.7495 0.2604
vt 0.1667 0.5
v 0.0473 0.7518 0.2702
vt 0.1667 0.5
v 0.0000 0.8296 0.1643
vt 0.1667 0.5
v 0.0000 0.8255 0.1646
vt 0.1667 0.5
v 0.0075 0.8256 0.1653
vt 0.1667 0.5
v 0.0074 0.8298 0.1650
vt 0.1667 0.5
v 0.0000 0.8335 0.1649
vt 0.1667 0.5
v 0.0000 0.8296 0.1643
vt 0.1667 0.5
v 0.0074 0.8298 0.1650
vt 0.1667 0.5
v 0.0071 0.8336 0.1656
vt 0.1667 0.5
v 0.0000 0.8370 0.1663
vt 0.1667 0.5
v 0.0000 0.8335 0.1649
vt 0.1667 0.5
v 0.0071 0.8336 0.1656
vt 0.1667 0.5
v 0.0067 0.8372 0.1670
vt 0.1667 0.5
v 0.0000 0.8400 0.1685
vt 0.1667 0.5
v 0.0000 0.8370 0.1663
vt 0.1667 0.5
v 0.0067 0.8372 0.1670
vt 0.1667 0.5
v 0.0061 0.8401 0.1691
vt 0.1667 0.5
v 0.0000 0.8422 0.1712
vt 0.1667 0.5
v 0.0000 0.8400 0.1685
vt 0.1667 0.5
v 0.0061 0.8401 0.1691
vt 0.1667 0.5
v 0.0055 0.8423 0.1717
vt 0.1667 0.5
v 0.0000 0.8435 0.1745
vt 0.1667 0.5
v 0.0000 0.8422 0.1712
vt 0.1667 0.5
v 0.0055 0.8423 0.1717
vt 0.1667 0.5
v 0.0048 0.8436 0.1749
vt 0.1667 0.5
v 0.0074 0.8298 0.1650
vt 0.1667 0.5
v 0.0075 0.8256 0.1653
vt 0.1667 0.5
v 0.0147 0.8262 0.1674
vt 0.1667 0.5
v 0.0145 0.8303 0.1671
vt 0.1667 0.5
v 0.0071 0.8336 0.1656
vt 0.1667 0.5
v 0.0074 0.8298 0.1650
vt 0.1667 0.5
v 0.0145 0.8303 0.1671
vt 0.1667 0.5
v 0.0139 0.8341 0.1676
vt 0.1667 0.5
v 0.0067 0.8372 0.1670
vt 0.1667 0.5
v 0.0071 0.8336 0.1656
vt 0.1667 0.5
v 0.0139 0.8341 0.1676
vt 0.1667 0.5
v 0.0130 0.8376 0.1688
vt 0.1667 0.5
v 0.0061 0.8401 0.1691
vt 0.1667 0.5
v 0.0067 0.8372 0.1670
vt 0.1667 0.5
v 0.0130 0.8376 0.1688
vt 0.1667 0.5
v 0.0120 0.8405 0.1708
vt 0.1667 0.5
v 0.0055 0.8423 0.1717
vt 0.1667 0.5
v 0.0061 0.8401 0.1691
vt 0.1667 0.5
v 0.0120 0.8405 0.1708
vt 0.1667 0.5
v 0.0108 0.8427 0.1733
vt 0.1667 0.5
v 0.0048 0.8436 0.1749
vt 0.1667 0.5
v 0.0055 0.8423 0.1717
vt 0.1667 0.5
v 0.0108 0.8427 0.1733
vt 0.1667 0.5
v 0.0094 0.8439 0.1763
vt 0.1667 0.5
v 0.0145 0.8303 0.1671
vt 0.1667 0.5
v 0.0147 0.8262 0.1674
vt 0.1667 0.5
v 0.0214 0.8270 0.1709
vt 0.1667 0.5
v 0.0210 0.8311 0.1705
vt 0.1667 0.5
v 0.0139 0.8341 0.1676
vt 0.1667 0.5
v 0.0145 0.8303 0.1671
vt 0.1667 0.5
v 0.0210 0.8311 0.1705
vt 0.1667 0.5
v 0.0202 0.8349 0.1708
vt 0.1667 0.5
v 0.0130 0.8376 0.1688
vt 0.1667 0.5
v 0.0139 0.8341 0.1676
vt 0.1667 0.5
v 0.0202 0.8349 0.1708
vt 0.1667 0.5
v 0.0189 0.8383 0.1719
vt 0.1667 0.5
v 0.0120 0.8405 0.1708
vt 0.1667 0.5
v 0.0130 0.8376 0.1688
vt 0.1667 0.5
v 0.0189 0.8383 0.1719
vt 0.1667 0.5
v 0.0174 0.8412 0.1736
vt 0.1667 0.5
v 0.0108 0.8427 0.1733
vt 0.1667 0.5
v 0.0120 0.8405 0.1708
vt 0.1667 0.5
v 0.0174 0.8412 0.1736
vt 0.1667 0.5
v 0.0156 0.8433 0.1758
vt 0.1667 0.5
v 0.0094 0.8439 0.1763
vt 0.1667 0.5
v 0.0108 0.8427 0.1733
vt 0.1667 0.5
v 0.0156 0.8433 0.1758
vt 0.1667 0.5
v 0.0137 0.8444 0.1785
vt 0.1667 0.5
v 0.0210 0.8311 0.1705
vt 0.1667 0.5
v 0.0214 0.8270 0.1709
vt 0.1667 0.5
v 0.0272 0.8281 0.1755
vt 0.1667 0.5
v 0.0267 0.8322 0.1751
vt 0.1667 0.5
v 0.0202 0.8349 0.1708
vt 0.1667 0.5
v 0.0210 0.8311 0.1705
vt 0.1667 0.5
v 0.0267 0.8322 0.1751
vt 0.1667 0.5
v 0.0257 0.8359 0.1752
vt 0.1667 0.5
v 0.0189 0.8383 0.1719
vt 0.1667 0.5
v 0.0202 0.8349 0.1708
vt 0.1667 0.5
v 0.0257 0.8359 0.1752
vt 0.1667 0.5
v 0.0241 0.8393 0.1760
vt 0.1667 0.5
v 0.0174 0.8412 0.1736
vt 0.1667 0.5
v 0.0189 0.8383 0.1719
vt 0.1667 0.5
v 0.0241 0.8393 0.1760
vt 0.1667 0.5
v 0.0221 0.8421 0.1774
vt 0.1667 0.5
v 0.0156 0.8433 0.1758
vt 0.1667 0.5
v 0.0174 0.8412 0.1736
vt 0.1667 0.5
v 0.0221 0.8421 0.1774
vt 0.1667 0.5
v 0.0199 0.8441 0.1792
vt 0.1667 0.5
v 0.0137 0.8444 0.1785
vt 0.1667 0.5
v 0.0156 0.8433 0.1758
vt 0.1667 0.5
v 0.0199 0.8441 0.1792
vt 0.1667 0.5
v 0.0174 0.8451 0.1815
vt 0.1667 0.5
v 0.0267 0.8322 0.1751
vt 0.1667 0.5
v 0.0272 0.8281 0.1755
vt 0.1667 0.5
v 0.0320 0.8294 0.1812
vt 0.1667 0.5
v 0.0314 0.8335 0.1806
vt 0.1667 0.5
v 0.0257 0.8359 0.1752
vt 0.1667 0.5
v 0.0267 0.8322 0.1751
vt 0.1667 0.5
v 0.0314 0.8335 0.1806
vt 0.1667 0.5
v 0.0302 0.8372 0.1806
vt 0.1667 0.5
v 0.0241 0.8393 0.1760
vt 0.1667 0.5
v 0.0257 0.8359 0.1752
vt 0.1667 0.5
v 0.0302 0.8372 0.1806
vt 0.1667 0.5
v 0.0284 0.8405 0.1811
vt 0.1667 0.5
v 0.0221 0.8421 0.1774
vt 0.1667 0.5
v 0.0241 0.8393 0.1760
vt 0.1667 0.5
v 0.0284 0.8405 0.1811
vt 0.1667 0.5
v 0.0260 0.8432 0.1820
vt 0.1667 0.5
v 0.0199 0.8441 0.1792
vt 0.1667 0.5
v 0.0221 0.8421 0.1774
vt 0.1667 0.5
v 0.0260 0.8432 0.1820
vt 0.1667 0.5
v 0.0234 0.8451 0.1834
vt 0.1667 0.5
v 0.0174 0.8451 0.1815
vt 0.1667 0.5
v 0.0199 0.8441 0.1792
vt 0.1667 0.5
v 0.0234 0.8451 0.1834
vt 0.1667 0.5
v 0.0205 0.8460 0.1851
vt 0.1667 0.5
v 0.0314 0.8335 0.1806
vt 0.1667 0.5
v 0.0320 0.8294 0.1812
vt 0.1667 0.5
v 0.0355 0.8310 0.1877
vt 0.1667 0.5
v 0.0349 0.8350 0.1870
vt 0.1667 0.5
v 0.0302 0.8372 0.1806
vt 0.1667 0.5
v 0.0314 0.8335 0.1806
vt 0.1667 0.5
v 0.0349 0.8350 0.1870
vt 0.1667 0.5
v 0.0335 0.8387 0.1867
vt 0.1667 0.5
v 0.0284 0.8405 0.1811
vt 0.1667 0.5
v 0.0302 0.8372 0.1806
vt 0.1667 0.5
v 0.0335 0.8387 0.1867
vt 0.1667 0.5
v 0.0315 0.8419 0.1868
vt 0.1667 0.5
v 0.0260 0.8432 0.1820
vt 0.1667 0.5
v 0.0284 0.8405 0.1811
vt 0.1667 0.5
v 0.0315 0.8419 0.1868
vt 0.1667 0.5
v 0.0289 0.8444 0.1873
vt 0.1667 0.5
v 0.0234 0.8451 0.1834
vt 0.1667 0.5
v 0.0260 0.8432 0.1820
vt 0.1667 0.5
v 0.0289 0.8444 0.1873
vt 0.1667 0.5
v 0.0260 0.8462 0.1881
vt 0.1667 0.5
v 0.0205 0.8460 0.1851
vt 0.1667 0.5
v 0.0234 0.8451 0.1834
vt 0.1667 0.5
v 0.0260 0.8462 0.1881
vt 0.1667 0.5
v 0.0228 0.8470 0.1893
vt 0.1667 0.5
v 0.0349 0.8350 0.1870
vt 0.1667 0.5
v 0.0355 0.8310 0.1877
vt 0.1667 0.5
v 0.0377 0.8326 0.1947
vt 0.1667 0.5
v 0.0371 0.8367 0.1939
vt 0.1667 0.5
v 0.0335 0.8387 0.1867
vt 0.1667 0.5
v 0.0349 0.8350 0.1870
vt 0.1667 0.5
v 0.0371 0.8367 0.1939
vt 0.1667 0.5
v 0.0356 0.8402 0.1933
vt 0.1667 0.5
v 0.0315 0.8419 0.1868
vt 0.1667 0.5
v 0.0335 0.8387 0.1867
vt 0.1667 0.5
v 0.0356 0.8402 0.1933
vt 0.1667 0.5
v 0.0334 0.8434 0.1930
vt 0.1667 0.5
v 0.0289 0.8444 0.1873
vt 0.1667 0.5
v 0.0315 0.8419 0.1868
vt 0.1667 0.5
v 0.0334 0.8434 0.1930
vt 0.1667 0.5
v 0.0307 0.8458 0.1930
vt 0.1667 0.5
v 0.0260 0.8462 0.1881
vt 0.1667 0.5
v 0.0289 0.8444 0.1873
vt 0.1667 0.5
v 0.0307 0.8458 0.1930
vt 0.1667 0.5
v 0.0276 0.8474 0.1932
vt 0.1667 0.5
v 0.0228 0.8470 0.1893
vt 0.1667 0.5
v 0.0260 0.8462 0.1881
vt 0.1667 0.5
v 0.0276 0.8474 0.1932
vt 0.1667 0.5
v 0.0242 0.8481 0.1938
vt 0.1667 0.5
v 0.0371 0.8367 0.1939
vt 0.1667 0.5
v 0.0377 0.8326 0.1947
vt 0.1667 0.5
v 0.0385 0.8344 0.2020
vt 0.1667 0.5
v 0.0378 0.8384 0.2010
vt 0.1667 0.5
v 0.0356 0.8402 0.1933
vt 0.1667 0.5
v 0.0371 0.8367 0.1939
vt 0.1667 0.5
v 0.0378 0.8384 0.2010
vt 0.1667 0.5
v 0.0363 0.8419 0.2002
vt 0.1667 0.5
v 0.0334 0.8434 0.1930
vt 0.1667 0.5
v 0.0356 0.8402 0.1933
vt 0.1667 0.5
v 0.0363 0.8419 0.2002
vt 0.1667 0.5
v 0.0341 0.8449 0.1995
vt 0.1667 0.5
v 0.0307 0.8458 0.1930
vt 0.1667 0.5
v 0.0334 0.8434 0.1930
vt 0.1667 0.5
v 0.0341 0.8449 0.1995
vt 0.1667 0.5
v 0.0313 0.8472 0.1989
vt 0.1667 0.5
v 0.0276 0.8474 0.1932
vt 0.1667 0.5
v 0.0307 0.8458 0.1930
vt 0.1667 0.5
v 0.0313 0.8472 0.1989
vt 0.1667 0.5
v 0.0282 0.8487 0.1986
vt 0.1667 0.5
v 0.0242 0.8481 0.1938
vt 0.1667 0.5
v 0.0276 0.8474 0.1932
vt 0.1667 0.5
v 0.0282 0.8487 0.1986
vt 0.1667 0.5
v 0.0247 0.8492 0.1985
vt 0.1667 0.5
v 0.0378 0.8384 0.2010
vt 0.1667 0.5
v 0.0385 0.8344 0.2020
vt 0.1667 0.5
v 0.0377 0.8361 0.2093
vt 0.1667 0.5
v 0.0371 0.8401 0.2082
vt 0.1667 0.5
v 0.0363 0.8419 0.2002
vt 0.1667 0.5
v 0.0378 0.8384 0.2010
vt 0.1667 0.5
v 0.0371 0.8401 0.2082
vt 0.1667 0.5
v 0.0356 0.8435 0.2071
vt 0.1667 0.5
v 0.0341 0.8449 0.1995
vt 0.1667 0.5
v 0.0363 0.8419 0.2002
vt 0.1667 0.5
v 0.0356 0.8435 0.2071
vt 0.1667 0.5
v 0.0334 0.8464 0.2060
vt 0.1667 0.5
v 0.0313 0.8472 0.1989
vt 0.1667 0.5
v 0.0341 0.8449 0.1995
vt 0.1667 0.5
v 0.0334 0.8464 0.2060
vt 0.1667 0.5
v 0.0307 0.8486 0.2049
vt 0.1667 0.5
v 0.0282 0.8487 0.1986
vt 0.1667 0.5
v 0.0313 0.8472 0.1989
vt 0.1667 0.5
v 0.0307 0.8486 0.2049
vt 0.1667 0.5
v 0.0276 0.8499 0.2039
vt 0.1667 0.5
v 0.0247 0.8492 0.1985
vt 0.1667 0.5
v 0.0282 0.8487 0.1986
vt 0.1667 0.5
v 0.0276 0.8499 0.2039
vt 0.1667 0.5
v 0.0242 0.8503 0.2032
vt 0.1667 0.5
v 0.0371 0.8401 0.2082
vt 0.1667 0.5
v 0.0377 0.8361 0.2093
vt 0.1667 0.5
v 0.0355 0.8378 0.2163
vt 0.1667 0.5
v 0.0349 0.8417 0.2151
vt 0.1667 0.5
v 0.0356 0.8435 0.2071
vt 0.1667 0.5
v 0.0371 0.8401 0.2082
vt 0.1667 0.5
v 0.0349 0.8417 0.2151
vt 0.1667 0.5
v 0.0335 0.8451 0.2137
vt 0.1667 0.5
v 0.0334 0.8464 0.2060
vt 0.1667 0.5
v 0.0356 0.8435 0.2071
vt 0.1667 0.5
v 0.0335 0.8451 0.2137
vt 0.1667 0.5
v 0.0315 0.8479 0.2122
vt 0.1667 0.5
v 0.0307 0.8486 0.2049
vt 0.1667 0.5
v 0.0334 0.8464 0.2060
vt 0.1667 0.5
v 0.0315 0.8479 0.2122
vt 0.1667 0.5
v 0.0289 0.8500 0.2106
vt 0.1667 0.5
v 0.0276 0.8499 0.2039
vt 0.1667 0.5
v 0.0307 0.8486 0.2049
vt 0.1667 0.5
v 0.0289 0.8500 0.2106
vt 0.1667 0.5
v 0.0260 0.8512 0.2091
vt 0.1667 0.5
v 0.0242 0.8503 0.2032
vt 0.1667 0.5
v 0.0276 0.8499 0.2039
vt 0.1667 0.5
v 0.0260 0.8512 0.2091
vt 0.1667 0.5
v 0.0228 0.8514 0.2077
vt 0.1667 0.5
v 0.0349 0.8417 0.2151
vt 0.1667 0.5
v 0.0355 0.8378 0.2163
vt 0.1667 0.5
v 0.0320 0.8393 0.2228
vt 0.1667 0.5
v 0.0314 0.8432 0.2215
vt 0.1667 0.5
v 0.0335 0.8451 0.2137
vt 0.1667 0.5
v 0.0349 0.8417 0.2151
vt 0.1667 0.5
v 0.0314 0.8432 0.2215
vt 0.1667 0.5
v 0.0302 0.8465 0.2198
vt 0.1667 0.5
v 0.0315 0.8479 0.2122
vt 0.1667 0.5
v 0.0335 0.8451 0.2137
vt 0.1667 0.5
v 0.0302 0.8465 0.2198
vt 0.1667 0.5
v 0.0284 0.8493 0.2179
vt 0.1667 0.5
v 0.0289 0.8500 0.2106
vt 0.1667 0.5
v 0.0315 0.8479 0.2122
vt 0.1667 0.5
v 0.0284 0.8493 0.2179
vt 0.1667 0.5
v 0.0260 0.8513 0.2159
vt 0.1667 0.5
v 0.0260 0.8512 0.2091
vt 0.1667 0.5
v 0.0289 0.8500 0.2106
vt 0.1667 0.5
v 0.0260 0.8513 0.2159
vt 0.1667 0.5
v 0.0234 0.8523 0.2138
vt 0.1667 0.5
v 0.0228 0.8514 0.2077
vt 0.1667 0.5
v 0.0260 0.8512 0.2091
vt 0.1667 0.5
v 0.0234 0.8523 0.2138
vt 0.1667 0.5
v 0.0205 0.8523 0.2118
vt 0.1667 0.5
v 0.0314 0.8432 0.2215
vt 0.1667 0.5
v 0.0320 0.8393 0.2228
vt 0.1667 0.5
v 0.0272 0.8407 0.2284
vt 0.1667 0.5
v 0.0267 0.8445 0.2270
vt 0.1667 0.5
v 0.0302 0.8465 0.2198
vt 0.1667 0.5
v 0.0314 0.8432 0.2215
vt 0.1667 0.5
v 0.0267 0.8445 0.2270
vt 0.1667 0.5
v 0.0257 0.8478 0.2252
vt 0.1667 0.5
v 0.0284 0.8493 0.2179
vt 0.1667 0.5
v 0.0302 0.8465 0.2198
vt 0.1667 0.5
v 0.0257 0.8478 0.2252
vt 0.1667 0.5
v 0.0241 0.8505 0.2229
vt 0.1667 0.5
v 0.0260 0.8513 0.2159
vt 0.1667 0.5
v 0.0284 0.8493 0.2179
vt 0.1667 0.5
v 0.0241 0.8505 0.2229
vt 0.1667 0.5
v 0.0221 0.8524 0.2205
vt 0.1667 0.5
v 0.0234 0.8523 0.2138
vt 0.1667 0.5
v 0.0260 0.8513 0.2159
vt 0.1667 0.5
v 0.0221 0.8524 0.2205
vt 0.1667 0.5
v 0.0199 0.8533 0.2180
vt 0.1667 0.5
v 0.0205 0.8523 0.2118
vt 0.1667 0.5
v 0.0234 0.8523 0.2138
vt 0.1667 0.5
v 0.0199 0.8533 0.2180
vt 0.1667 0.5
v 0.0174 0.8532 0.2154
vt 0.1667 0.5
v 0.0267 0.8445 0.2270
vt 0.1667 0.5
v 0.0272 0.8407 0.2284
vt 0.1667 0.5
v 0.0214 0.8418 0.2331
vt 0.1667 0.5
v 0.0210 0.8456 0.2316
vt 0.1667 0.5
v 0.0257 0.8478 0.2252
vt 0.1667 0.5
v 0.0267 0.8445 0.2270
vt 0.1667 0.5
v 0.0210 0.8456 0.2316
vt 0.1667 0.5
v 0.0202 0.8489 0.2296
vt 0.1667 0.5
v 0.0241 0.8505 0.2229
vt 0.1667 0.5
v 0.0257 0.8478 0.2252
vt 0.1667 0.5
v 0.0202 0.8489 0.2296
vt 0.1667 0.5
v 0.0189 0.8515 0.2271
vt 0.1667 0.5
v 0.0221 0.8524 0.2205
vt 0.1667 0.5
v 0.0241 0.8505 0.2229
vt 0.1667 0.5
v 0.0189 0.8515 0.2271
vt 0.1667 0.5
v 0.0174 0.8533 0.2243
vt 0.1667 0.5
v 0.0199 0.8533 0.2180
vt 0.1667 0.5
v 0.0221 0.8524 0.2205
vt 0.1667 0.5
v 0.0174 0.8533 0.2243
vt 0.1667 0.5
v 0.0156 0.8541 0.2214
vt 0.1667 0.5
v 0.0137 0.8539 0.2184
vt 0.1667 0.5
v 0.0174 0.8532 0.2154
vt 0.1667 0.5
v 0.0199 0.8533 0.2180
vt 0.1667 0.5
v 0.0156 0.8541 0.2214
vt 0.1667 0.5
v 0.0210 0.8456 0.2316
vt 0.1667 0.5
v 0.0214 0.8418 0.2331
vt 0.1667 0.5
v 0.0147 0.8426 0.2366
vt 0.1667 0.5
v 0.0145 0.8464 0.2350
vt 0.1667 0.5
v 0.0202 0.8489 0.2296
vt 0.1667 0.5
v 0.0210 0.8456 0.2316
vt 0.1667 0.5
v 0.0145 0.8464 0.2350
vt 0.1667 0.5
v 0.0139 0.8496 0.2328
vt 0.1667 0.5
v 0.0189 0.8515 0.2271
vt 0.1667 0.5
v 0.0202 0.8489 0.2296
vt 0.1667 0.5
v 0.0139 0.8496 0.2328
vt 0.1667 0.5
v 0.0130 0.8522 0.2301
vt 0.1667 0.5
v 0.0174 0.8533 0.2243
vt 0.1667 0.5
v 0.0189 0.8515 0.2271
vt 0.1667 0.5
v 0.0130 0.8522 0.2301
vt 0.1667 0.5
v 0.0120 0.8539 0.2271
vt 0.1667 0.5
v 0.0156 0.8541 0.2214
vt 0.1667 0.5
v 0.0174 0.8533 0.2243
vt 0.1667 0.5
v 0.0120 0.8539 0.2271
vt 0.1667 0.5
v 0.0108 0.8547 0.2239
vt 0.1667 0.5
v 0.0094 0.8545 0.2206
vt 0.1667 0.5
v 0.0137 0.8539 0.2184
vt 0.1667 0.5
v 0.0156 0.8541 0.2214
vt 0.1667 0.5
v 0.0108 0.8547 0.2239
vt 0.1667 0.5
v 0.0145 0.8464 0.2350
vt 0.1667 0.5
v 0.0147 0.8426 0.2366
vt 0.1667 0.5
v 0.0075 0.8431 0.2387
vt 0.1667 0.5
v 0.0074 0.8469 0.2371
vt 0.1667 0.5
v 0.0139 0.8496 0.2328
vt 0.1667 0.5
v 0.0145 0.8464 0.2350
vt 0.1667 0.5
v 0.0074 0.8469 0.2371
vt 0.1667 0.5
v 0.0071 0.8501 0.2349
vt 0.1667 0.5
v 0.0130 0.8522 0.2301
vt 0.1667 0.5
v 0.0139 0.8496 0.2328
vt 0.1667 0.5
v 0.0071 0.8501 0.2349
vt 0.1667 0.5
v 0.0067 0.8526 0.2320
vt 0.1667 0.5
v 0.0120 0.8539 0.2271
vt 0.1667 0.5
v 0.0130 0.8522 0.2301
vt 0.1667 0.5
v 0.0067 0.8526 0.2320
vt 0.1667 0.5
v 0.0061 0.8543 0.2288
vt 0.1667 0.5
v 0.0108 0.8547 0.2239
vt 0.1667 0.5
v 0.0120 0.8539 0.2271
vt 0.1667 0.5
v 0.0061 0.8543 0.2288
vt 0.1667 0.5
v 0.0055 0.8551 0.2255
vt 0.1667 0.5
v 0.0048 0.8548 0.2220
vt 0.1667 0.5
v 0.0094 0.8545 0.2206
vt 0.1667 0.5
v 0.0108 0.8547 0.2239
vt 0.1667 0.5
v 0.0055 0.8551 0.2255
vt 0.1667 0.5
v 0.0074 0.8469 0.2371
vt 0.1667 0.5
v 0.0075 0.8431 0.2387
vt 0.1667 0.5
v 0.0000 0.8433 0.2394
vt 0.1667 0.5
v 0.0000 0.8471 0.2378
vt 0.1667 0.5
v 0.0071 0.8501 0.2349
vt 0.1667 0.5
v 0.0074 0.8469 0.2371
vt 0.1667 0.5
v 0.0000 0.8471 0.2378
vt 0.1667 0.5
v 0.0000 0.8503 0.2355
vt 0.1667 0.5
v 0.0067 0.8526 0.2320
vt 0.1667 0.5
v 0.0071 0.8501 0.2349
vt 0.1667 0.5
v 0.0000 0.8503 0.2355
vt 0.1667 0.5
v 0.0000 0.8528 0.2327
vt 0.1667 0.5
v 0.0061 0.8543 0.2288
vt 0.1667 0.5
v 0.0067 0.8526 0.2320
vt 0.1667 0.5
v 0.0000 0.8528 0.2327
vt 0.1667 0.5
v 0.0000 0.8545 0.2294
vt 0.1667 0.5
v 0.0055 0.8551 0.2255
vt 0.1667 0.5
v 0.0061 0.8543 0.2288
vt 0.1667 0.5
v 0.0000 0.8545 0.2294
vt 0.1667 0.5
v 0.0000 0.8552 0.2260
vt 0.1667 0.5
v 0.0000 0.8549 0.2225
vt 0.1667 0.5
v 0.0048 0.8548 0.2220
vt 0.1667 0.5
v 0.0055 0.8551 0.2255
vt 0.1667 0.5
v 0.0000 0.8552 0.2260
vt 0.1667 0.5
v 0.0000 0.8433 0.2394
vt 0.1667 0.5
v -0.0075 0.8431 0.2387
vt 0.1667 0.5
v -0.0074 0.8469 0.2371
vt 0.1667 0.5
v 0.0000 0.8471 0.2378
vt 0.1667 0.5
v 0.0000 0.8471 0.2378
vt 0.1667 0.5
v -0.0074 0.8469 0.2371
vt 0.1667 0.5
v -0.0071 0.8501 0.2349
vt 0.1667 0.5
v 0.0000 0.8503 0.2355
vt 0.1667 0.5
v 0.0000 0.8503 0.2355
vt 0.1667 0.5
v -0.0071 0.8501 0.2349
vt 0.1667 0.5
v -0.0067 0.8526 0.2320
vt 0.1667 0.5
v 0.0000 0.8528 0.2327
vt 0.1667 0.5
v 0.0000 0.8528 0.2327
vt 0.1667 0.5
v -0.0067 0.8526 0.2320
vt 0.1667 0.5
v -0.0061 0.8543 0.2288
vt 0.1667 0.5
v 0.0000 0.8545 0.2294
vt 0.1667 0.5
v 0.0000 0.8545 0.2294
vt 0.1667 0.5
v -0.0061 0.8543 0.2288
vt 0.1667 0.5
v -0.0055 0.8551 0.2255
vt 0.1667 0.5
v 0.0000 0.8552 0.2260
vt 0.1667 0.5
v -0.0055 0.8551 0.2255
vt 0.1667 0.5
v -0.0048 0.8548 0.2220
vt 0.1667 0.5
v 0.0000 0.8549 0.2225
vt 0.1667 0.5
v 0.0000 0.8552 0.2260
vt 0.1667 0.5
v -0.0075 0.8431 0.2387
vt 0.1667 0.5
v -0.0147 0.8426 0.2366
vt 0.1667 0.5
v -0.0145 0.8464 0.2350
vt 0.1667 0.5
v -0.0074 0.8469 0.2371
vt 0.1667 0.5
v -0.0074 0.8469 0.2371
vt 0.1667 0.5
v -0.0145 0.8464 0.2350
vt 0.1667 0.5
v -0.0139 0.8496 0.2328
vt 0.1667 0.5
v -0.0071 0.8501 0.2349
vt 0.1667 0.5
v -0.0071 0.8501 0.2349
vt 0.1667 0.5
v -0.0139 0.8496 0.2328
vt 0.1667 0.5
v -0.0130 0.8522 0.2301
vt 0.1667 0.5
v -0.0067 0.8526 0.2320
vt 0.1667 0.5
v -0.0067 0.8526 0.2320
vt 0.1667 0.5
v -0.0130 0.8522 0.2301
vt 0.1667 0.5
v -0.0120 0.8539 0.2271
vt 0.1667 0.5
v -0.0061 0.8543 0.2288
vt 0.1667 0.5
v -0.0061 0.8543 0.2288
vt 0.1667 0.5
v -0.0120 0.8539 0.2271
vt 0.1667 0.5
v -0.0108 0.8547 0.2239
vt 0.1667 0.5
v -0.0055 0.8551 0.2255
vt 0.1667 0.5
v -0.0108 0.8547 0.2239
vt 0.1667 0.5
v -0.0094 0.8545 0.2206
vt 0.1667 0.5
v -0.0048 0.8548 0.2220
vt 0.1667 0.5
v -0.0055 0.8551 0.2255
vt 0.1667 0.5
v -0.0147 0.8426 0.2366
vt 0.1667 0.5
v -0.0214 0.8418 0.2331
vt 0.1667 0.5
v -0.0210 0.8456 0.2316
vt 0.1667 0.5
v -0.0145 0.8464 0.2350
vt 0.1667 0.5
v -0.0145 0.8464 0.2350
vt 0.1667 0.5
v -0.0210 0.8456 0.2316
vt 0.1667 0.5
v -0.0202 0.8489 0.2296
vt 0.1667 0.5
v -0.0139 0.8496 0.2328
vt 0.1667 0.5
v -0.0139 0.8496 0.2328
vt 0.1667 0.5
v -0.0202 0.8489 0.2296
vt 0.1667 0.5
v -0.0189 0.8515 0.2271
vt 0.1667 0.5
v -0.0130 0.8522 0.2301
vt 0.1667 0.5
v -0.0130 0.8522 0.2301
vt 0.1667 0.5
v -0.0189 0.8515 0.2271
vt 0.1667 0.5
v -0.0174 0.8533 0.2243
vt 0.1667 0.5
v -0.0120 0.8539 0.2271
vt 0.1667 0.5
v -0.0120 0.8539 0.2271
vt 0.1667 0.5
v -0.0174 0.8533 0.2243
vt 0.1667 0.5
v -0.0156 0.8541 0.2214
vt 0.1667 0.5
v -0.0108 0.8547 0.2239
vt 0.1667 0.5
v -0.0156 0.8541 0.2214
vt 0.1667 0.5
v -0.0137 0.8539 0.2184
vt 0.1667 0.5
v -0.0094 0.8545 0.2206
vt 0.1667 0.5
v -0.0108 0.8547 0.2239
vt 0.1667 0.5
v -0.0214 0.8418 0.2331
vt 0.1667 0.5
v -0.0272 0.8407 0.2284
vt 0.1667 0.5
v -0.0267 0.8445 0.2270
vt 0.1667 0.5
v -0.0210 0.8456 0.2316
vt 0.1667 0.5
v -0.0210 0.8456 0.2316
vt 0.1667 0.5
v -0.0267 0.8445 0.2270
vt 0.1667 0.5
v -0.0257 0.8478 0.2252
vt 0.1667 0.5
v -0.0202 0.8489 0.2296
vt 0.1667 0.5
v -0.0202 0.8489 0.2296
vt 0.1667 0.5
v -0.0257 0.8478 0.2252
vt 0.1667 0.5
v -0.0241 0.8505 0.2229
vt 0.1667 0.5
v -0.0189 0.8515 0.2271
vt 0.1667 0.5
v -0.0189 0.8515 0.2271
vt 0.1667 0.5
v -0.0241 0.8505 0.2229
vt 0.1667 0.5
v -0.0221 0.8524 0.2205
vt 0.1667 0.5
v -0.0174 0.8533 0.2243
vt 0.1667 0.5
v -0.0174 0.8533 0.2243
vt 0.1667 0.5
v -0.0221 0.8524 0.2205
vt 0.1667 0.5
v -0.0199 0.8533 0.2180
vt 0.1667 0.5
v -0.0156 0.8541 0.2214
vt 0.1667 0.5
v -0.0199 0.8533 0.2180
vt 0.1667 0.5
v -0.0174 0.8532 0.2154
vt 0.1667 0.5
v -0.0137 0.8539 0.2184
vt 0.1667 0.5
v -0.0156 0.8541 0.2214
vt 0.1667 0.5
v -0.0272 0.8407 0.2284
vt 0.1667 0.5
v -0.0320 0.8393 0.2228
vt 0.1667 0.5
v -0.0314 0.8432 0.2215
vt 0.1667 0.5
v -0.0267 0.8445 0.2270
vt 0.1667 0.5
v -0.0267 0.8445 0.2270
vt 0.1667 0.5
v -0.0314 0.8432 0.2215
vt 0.1667 0.5
v -0.0302 0.8465 0.2198
vt 0.1667 0.5
v -0.0257 0.8478 0.2252
vt 0.1667 0.5
v -0.0257 0.8478 0.2252
vt 0.1667 0.5
v -0.0302 0.8465 0.2198
vt 0.1667 0.5
v -0.0284 0.8493 0.2179
vt 0.1667 0.5
v -0.0241 0.8505 0.2229
vt 0.1667 0.5
v -0.0241 0.8505 0.2229
vt 0.1667 0.5
v -0.0284 0.8493 0.2179
vt 0.1667 0.5
v -0.0260 0.8513 0.2159
vt 0.1667 0.5
v -0.0221 0.8524 0.2205
vt 0.1667 0.5
v -0.0221 0.8524 0.2205
vt 0.1667 0.5
v -0.0260 0.8513 0.2159
vt 0.1667 0.5
v -0.0234 0.8523 0.2138
vt 0.1667 0.5
v -0.0199 0.8533 0.2180
vt 0.1667 0.5
v -0.0199 0.8533 0.2180
vt 0.1667 0.5
v -0.0234 0.8523 0.2138
vt 0.1667 0.5
v -0.0205 0.8523 0.2118
vt 0.1667 0.5
v -0.0174 0.8532 0.2154
vt 0.1667 0.5
v -0.0320 0.8393 0.2228
vt 0.1667 0.5
v -0.0355 0.8378 0.2163
vt 0.1667 0.5
v -0.0349 0.8417 0.2151
vt 0.1667 0.5
v -0.0314 0.8432 0.2215
vt 0.1667 0.5
v -0.0314 0.8432 0.2215
vt 0.1667 0.5
v -0.0349 0.8417 0.2151
vt 0.1667 0.5
v -0.0335 0.8451 0.2137
vt 0.1667 0.5
v -0.0302 0.8465 0.2198
vt 0.1667 0.5
v -0.0302 0.8465 0.2198
vt 0.1667 0.5
v -0.0335 0.8451 0.2137
vt 0.1667 0.5
v -0.0315 0.8479 0.2122
vt 0.1667 0.5
v -0.0284 0.8493 0.2179
vt 0.1667 0.5
v -0.0284 0.8493 0.2179
vt 0.1667 0.5
v -0.0315 0.8479 0.2122
vt 0.1667 0.5
v -0.0289 0.8500 0.2106
vt 0.1667 0.5
v -0.0260 0.8513 0.2159
vt 0.1667 0.5
v -0.0260 0.8513 0.2159
vt 0.1667 0.5
v -0.0289 0.8500 0.2106
vt 0.1667 0.5
v -0.0260 0.8512 0.2091
vt 0.1667 0.5
v -0.0234 0.8523 0.2138
vt 0.1667 0.5
v -0.0234 0.8523 0.2138
vt 0.1667 0.5
v -0.0260 0.8512 0.2091
vt 0.1667 0.5
v -0.0228 0.8514 0.2077
vt 0.1667 0.5
v -0.0205 0.8523 0.2118
vt 0.1667 0.5
v -0.0355 0.8378 0.2163
vt 0.1667 0.5
v -0.0377 0.8361 0.2093
vt 0.1667 0.5
v -0.0371 0.8401 0.2082
vt 0.1667 0.5
v -0.0349 0.8417 0.2151
vt 0.1667 0.5
v -0.0349 0.8417 0.2151
vt 0.1667 0.5
v -0.0371 0.8401 0.2082
vt 0.1667 0.5
v -0.0356 0.8435 0.2071
vt 0.1667 0.5
v -0.0335 0.8451 0.2137
vt 0.1667 0.5
v -0.0335 0.8451 0.2137
vt 0.1667 0.5
v -0.0356 0.8435 0.2071
vt 0.1667 0.5
v -0.0334 0.8464 0.2060
vt 0.1667 0.5
v -0.0315 0.8479 0.2122
vt 0.1667 0.5
v -0.0315 0.8479 0.2122
vt 0.1667 0.5
v -0.0334 0.8464 0.2060
vt 0.1667 0.5
v -0.0307 0.8486 0.2049
vt 0.1667 0.5
v -0.0289 0.8500 0.2106
vt 0.1667 0.5
v -0.0289 0.8500 0.2106
vt 0.1667 0.5
v -0.0307 0.8486 0.2049
vt 0.1667 0.5
v -0.0276 0.8499 0.2039
vt 0.1667 0.5
v -0.0260 0.8512 0.2091
vt 0.1667 0.5
v -0.0260 0.8512 0.2091
vt 0.1667 0.5
v -0.0276 0.8499 0.2039
vt 0.1667 0.5
v -0.0242 0.8503 0.2032
vt 0.1667 0.5
v -0.0228 0.8514 0.2077
vt 0.1667 0.5
v -0.0377 0.8361 0.2093
vt 0.1667 0.5
v -0.0385 0.8344 0.2020
vt 0.1667 0.5
v -0.0378 0.8384 0.2010
vt 0.1667 0.5
v -0.0371 0.8401 0.2082
vt 0.1667 0.5
v -0.0371 0.8401 0.2082
vt 0.1667 0.5
v -0.0378 0.8384 0.2010
vt 0.1667 0.5
v -0.0363 0.8419 0.2002
vt 0.1667 0.5
v -0.0356 0.8435 0.2071
vt 0.1667 0.5
v -0.0356 0.8435 0.2071
vt 0.1667 0.5
v -0.0363 0.8419 0.2002
vt 0.1667 0.5
v -0.0341 0.8449 0.1995
vt 0.1667 0.5
v -0.0334 0.8464 0.2060
vt 0.1667 0.5
v -0.0334 0.8464 0.2060
vt 0.1667 0.5
v -0.0341 0.8449 0.1995
vt 0.1667 0.5
v -0.0313 0.8472 0.1989
vt 0.1667 0.5
v -0.0307 0.8486 0.2049
vt 0.1667 0.5
v -0.0307 0.8486 0.2049
vt 0.1667 0.5
v -0.0313 0.8472 0.1989
vt 0.1667 0.5
v -0.0282 0.8487 0.1986
vt 0.1667 0.5
v -0.0276 0.8499 0.2039
vt 0.1667 0.5
v -0.0276 0.8499 0.2039
vt 0.1667 0.5
v -0.0282 0.8487 0.1986
vt 0.1667 0.5
v -0.0247 0.8492 0.1985
vt 0.1667 0.5
v -0.0242 0.8503 0.2032
vt 0.1667 0.5
v -0.0385 0.8344 0.2020
vt 0.1667 0.5
v -0.0377 0.8326 0.1947
vt 0.1667 0.5
v -0.0371 0.8367 0.1939
vt 0.1667 0.5
v -0.0378 0.8384 0.2010
vt 0.1667 0.5
v -0.0378 0.8384 0.2010
vt 0.1667 0.5
v -0.0371 0.8367 0.1939
vt 0.1667 0.5
v -0.0356 0.8402 0.1933
vt 0.1667 0.5
v -0.0363 0.8419 0.2002
vt 0.1667 0.5
v -0.0363 0.8419 0.2002
vt 0.1667 0.5
v -0.0356 0.8402 0.1933
vt 0.1667 0.5
v -0.0334 0.8434 0.1930
vt 0.1667 0.5
v -0.0341 0.8449 0.1995
vt 0.1667 0.5
v -0.0341 0.8449 0.1995
vt 0.1667 0.5
v -0.0334 0.8434 0.1930
vt 0.1667 0.5
v -0.0307 0.8458 0.1930
vt 0.1667 0.5
v -0.0313 0.8472 0.1989
vt 0.1667 0.5
v -0.0313 0.8472 0.1989
vt 0.1667 0.5
v -0.0307 0.8458 0.1930
vt 0.1667 0.5
v -0.0276 0.8474 0.1932
vt 0.1667 0.5
v -0.0282 0.8487 0.1986
vt 0.1667 0.5
v -0.0282 0.8487 0.1986
vt 0.1667 0.5
v -0.0276 0.8474 0.1932
vt 0.1667 0.5
v -0.0242 0.8481 0.1938
vt 0.1667 0.5
v -0.0247 0.8492 0.1985
vt 0.1667 0.5
v -0.0377 0.8326 0.1947
vt 0.1667 0.5
v -0.0355 0.8310 0.1877
vt 0.1667 0.5
v -0.0349 0.8350 0.1870
vt 0.1667 0.5
v -0.0371 0.8367 0.1939
vt 0.1667 0.5
v -0.0371 0.8367 0.1939
vt 0.1667 0.5
v -0.0349 0.8350 0.1870
vt 0.1667 0.5
v -0.0335 0.8387 0.1867
vt 0.1667 0.5
v -0.0356 0.8402 0.1933
vt 0.1667 0.5
v -0.0356 0.8402 0.1933
vt 0.1667 0.5
v -0.0335 0.8387 0.1867
vt 0.1667 0.5
v -0.0315 0.8419 0.1868
vt 0.1667 0.5
v -0.0334 0.8434 0.1930
vt 0.1667 0.5
v -0.0334 0.8434 0.1930
vt 0.1667 0.5
v -0.0315 0.8419 0.1868
vt 0.1667 0.5
v -0.0289 0.8444 0.1873
vt 0.1667 0.5
v -0.0307 0.8458 0.1930
vt 0.1667 0.5
v -0.0307 0.8458 0.1930
vt 0.1667 0.5
v -0.0289 0.8444 0.1873
vt 0.1667 0.5
v -0.0260 0.8462 0.1881
vt 0.1667 0.5
v -0.0276 0.8474 0.1932
vt 0.1667 0.5
v -0.0276 0.8474 0.1932
vt 0.1667 0.5
v -0.0260 0.8462 0.1881
vt 0.1667 0.5
v -0.0228 0.8470 0.1893
vt 0.1667 0.5
v -0.0242 0.8481 0.1938
vt 0.1667 0.5
v -0.0355 0.8310 0.1877
vt 0.1667 0.5
v -0.0320 0.8294 0.1812
vt 0.1667 0.5
v -0.0314 0.8335 0.1806
vt 0.1667 0.5
v -0.0349 0.8350 0.1870
vt 0.1667 0.5
v -0.0349 0.8350 0.1870
vt 0.1667 0.5
v -0.0314 0.8335 0.1806
vt 0.1667 0.5
v -0.0302 0.8372 0.1806
vt 0.1667 0.5
v -0.0335 0.8387 0.1867
vt 0.1667 0.5
v -0.0335 0.8387 0.1867
vt 0.1667 0.5
v -0.0302 0.8372 0.1806
vt 0.1667 0.5
v -0.0284 0.8405 0.1811
vt 0.1667 0.5
v -0.0315 0.8419 0.1868
vt 0.1667 0.5
v -0.0315 0.8419 0.1868
vt 0.1667 0.5
v -0.0284 0.8405 0.1811
vt 0.1667 0.5
v -0.0260 0.8432 0.1820
vt 0.1667 0.5
v -0.0289 0.8444 0.1873
vt 0.1667 0.5
v -0.0289 0.8444 0.1873
vt 0.1667 0.5
v -0.0260 0.8432 0.1820
vt 0.1667 0.5
v -0.0234 0.8451 0.1834
vt 0.1667 0.5
v -0.0260 0.8462 0.1881
vt 0.1667 0.5
v -0.0260 0.8462 0.1881
vt 0.1667 0.5
v -0.0234 0.8451 0.1834
vt 0.1667 0.5
v -0.0205 0.8460 0.1851
vt 0.1667 0.5
v -0.0228 0.8470 0.1893
vt 0.1667 0.5
v -0.0320 0.8294 0.1812
vt 0.1667 0.5
v -0.0272 0.8281 0.1755
vt 0.1667 0.5
v -0.0267 0.8322 0.1751
vt 0.1667 0.5
v -0.0314 0.8335 0.1806
vt 0.1667 0.5
v -0.0314 0.8335 0.1806
vt 0.1667 0.5
v -0.0267 0.8322 0.1751
vt 0.1667 0.5
v -0.0257 0.8359 0.1752
vt 0.1667 0.5
v -0.0302 0.8372 0.1806
vt 0.1667 0.5
v -0.0302 0.8372 0.1806
vt 0.1667 0.5
v -0.0257 0.8359 0.1752
vt 0.1667 0.5
v -0.0241 0.8393 0.1760
vt 0.1667 0.5
v -0.0284 0.8405 0.1811
vt 0.1667 0.5
v -0.0284 0.8405 0.1811
vt 0.1667 0.5
v -0.0241 0.8393 0.1760
vt 0.1667 0.5
v -0.0221 0.8421 0.1774
vt 0.1667 0.5
v -0.0260 0.8432 0.1820
vt 0.1667 0.5
v -0.0260 0.8432 0.1820
vt 0.1667 0.5
v -0.0221 0.8421 0.1774
vt 0.1667 0.5
v -0.0199 0.8441 0.1792
vt 0.1667 0.5
v -0.0234 0.8451 0.1834
vt 0.1667 0.5
v -0.0234 0.8451 0.1834
vt 0.1667 0.5
v -0.0199 0.8441 0.1792
vt 0.1667 0.5
v -0.0174 0.8451 0.1815
vt 0.1667 0.5
v -0.0205 0.8460 0.1851
vt 0.1667 0.5
v -0.0272 0.8281 0.1755
vt 0.1667 0.5
v -0.0214 0.8270 0.1709
vt 0.1667 0.5
v -0.0210 0.8311 0.1705
vt 0.1667 0.5
v -0.0267 0.8322 0.1751
vt 0.1667 0.5
v -0.0267 0.8322 0.1751
vt 0.1667 0.5
v -0.0210 0.8311 0.1705
vt 0.1667 0.5
v -0.0202 0.8349 0.1708
vt 0.1667 0.5
v -0.0257 0.8359 0.1752
vt 0.1667 0.5
v -0.0257 0.8359 0.1752
vt 0.1667 0.5
v -0.0202 0.8349 0.1708
vt 0.1667 0.5
v -0.0189 0.8383 0.1719
vt 0.1667 0.5
v -0.0241 0.8393 0.1760
vt 0.1667 0.5
v -0.0241 0.8393 0.1760
vt 0.1667 0.5
v -0.0189 0.8383 0.1719
vt 0.1667 0.5
v -0.0174 0.8412 0.1736
vt 0.1667 0.5
v -0.0221 0.8421 0.1774
vt 0.1667 0.5
v -0.0221 0.8421 0.1774
vt 0.1667 0.5
v -0.0174 0.8412 0.1736
vt 0.1667 0.5
v -0.0156 0.8433 0.1758
vt 0.1667 0.5
v -0.0199 0.8441 0.1792
vt 0.1667 0.5
v -0.0199 0.8441 0.1792
vt 0.1667 0.5
v -0.0156 0.8433 0.1758
vt 0.1667 0.5
v -0.0137 0.8444 0.1785
vt 0.1667 0.5
v -0.0174 0.8451 0.1815
vt 0.1667 0.5
v -0.0214 0.8270 0.1709
vt 0.1667 0.5
v -0.0147 0.8262 0.1674
vt 0.1667 0.5
v -0.0145 0.8303 0.1671
vt 0.1667 0.5
v -0.0210 0.8311 0.1705
vt 0.1667 0.5
v -0.0210 0.8311 0.1705
vt 0.1667 0.5
v -0.0145 0.8303 0.1671
vt 0.1667 0.5
v -0.0139 0.8341 0.1676
vt 0.1667 0.5
v -0.0202 0.8349 0.1708
vt 0.1667 0.5
v -0.0202 0.8349 0.1708
vt 0.1667 0.5
v -0.0139 0.8341 0.1676
vt 0.1667 0.5
v -0.0130 0.8376 0.1688
vt 0.1667 0.5
v -0.0189 0.8383 0.1719
vt 0.1667 0.5
v -0.0189 0.8383 0.1719
vt 0.1667 0.5
v -0.0130 0.8376 0.1688
vt 0.1667 0.5
v -0.0120 0.8405 0.1708
vt 0.1667 0.5
v -0.0174 0.8412 0.1736
vt 0.1667 0.5
v -0.0174 0.8412 0.1736
vt 0.1667 0.5
v -0.0120 0.8405 0.1708
vt 0.1667 0.5
v -0.0108 0.8427 0.1733
vt 0.1667 0.5
v -0.0156 0.8433 0.1758
vt 0.1667 0.5
v -0.0156 0.8433 0.1758
vt 0.1667 0.5
v -0.0108 0.8427 0.1733
vt 0.1667 0.5
v -0.0094 0.8439 0.1763
vt 0.1667 0.5
v -0.0137 0.8444 0.1785
vt 0.1667 0.5
v -0.0147 0.8262 0.1674
vt 0.1667 0.5
v -0.0075 0.8256 0.1653
vt 0.1667 0.5
v -0.0074 0.8298 0.1650
vt 0.1667 0.5
v -0.0145 0.8303 0.1671
vt 0.1667 0.5
v -0.0145 0.8303 0.1671
vt 0.1667 0.5
v -0.0074 0.8298 0.1650
vt 0.1667 0.5
v -0.0071 0.8336 0.1656
vt 0.1667 0.5
v -0.0139 0.8341 0.1676
vt 0.1667 0.5
v -0.0139 0.8341 0.1676
vt 0.1667 0.5
v -0.0071 0.8336 0.1656
vt 0.1667 0.5
v -0.0067 0.8372 0.1670
vt 0.1667 0.5
v -0.0130 0.8376 0.1688
vt 0.1667 0.5
v -0.0130 0.8376 0.1688
vt 0.1667 0.5
v -0.0067 0.8372 0.1670
vt 0.1667 0.5
v -0.0061 0.8401 0.1691
vt 0.1667 0.5
v -0.0120 0.8405 0.1708
vt 0.1667 0.5
v -0.0120 0.8405 0.1708
vt 0.1667 0.5
v -0.0061 0.8401 0.1691
vt 0.1667 0.5
v -0.0055 0.8423 0.1717
vt 0.1667 0.5
v -0.0108 0.8427 0.1733
vt 0.1667 0.5
v -0.0108 0.8427 0.1733
vt 0.1667 0.5
v -0.0055 0.8423 0.1717
vt 0.1667 0.5
v -0.0048 0.8436 0.1749
vt 0.1667 0.5
v -0.0094 0.8439 0.1763
vt 0.1667 0.5
v -0.0075 0.8256 0.1653
vt 0.1667 0.5
v 0.0000 0.8255 0.1646
vt 0.1667 0.5
v 0.0000 0.8296 0.1643
vt 0.1667 0.5
v -0.0074 0.8298 0.1650
vt 0.1667 0.5
v -0.0074 0.8298 0.1650
vt 0.1667 0.5
v 0.0000 0.8296 0.1643
vt 0.1667 0.5
v 0.0000 0.8335 0.1649
vt 0.1667 0.5
v -0.0071 0.8336 0.1656
vt 0.1667 0.5
v -0.0071 0.8336 0.1656
vt 0.1667 0.5
v 0.0000 0.8335 0.1649
vt 0.1667 0.5
v 0.0000 0.8370 0.1663
vt 0.1667 0.5
v -0.0067 0.8372 0.1670
vt 0.1667 0.5
v -0.0067 0.8372 0.1670
vt 0.1667 0.5
v 0.0000 0.8370 0.1663
vt 0.1667 0.5
v 0.0000 0.8400 0.1685
vt 0.1667 0.5
v -0.0061 0.8401 0.1691
vt 0.1667 0.5
v -0.0061 0.8401 0.1691
vt 0.1667 0.5
v 0.0000 0.8400 0.1685
vt 0.1667 0.5
v 0.0000 0.8422 0.1712
vt 0.1667 0.5
v -0.0055 0.8423 0.1717
vt 0.1667 0.5
v -0.0055 0.8423 0.1717
vt 0.1667 0.5
v 0.0000 0.8422 0.1712
vt 0.1667 0.5
v 0.0000 0.8435 0.1745
vt 0.1667 0.5
v -0.0048 0.8436 0.1749
vt 0.1667 0.5
v -0.0048 0.8436 0.1749
vt 0.1667 0.5
v 0.0000 0.8435 0.1745
vt 0.1667 0.5
v 0.0048 0.8436 0.1749
vt 0.1667 0.5
v -0.0094 0.8439 0.1763
vt 0.1667 0.5
v 0.0094 0.8439 0.1763
vt 0.1667 0.5
v -0.0137 0.8444 0.1785
vt 0.1667 0.5
v 0.0137 0.8444 0.1785
vt 0.1667 0.5
v -0.0174 0.8451 0.1815
vt 0.1667 0.5
v 0.0174 0.8451 0.1815
vt 0.1667 0.5
v -0.0205 0.8460 0.1851
vt 0.1667 0.5
v 0.0205 0.8460 0.1851
vt 0.1667 0.5
v -0.0228 0.8470 0.1893
vt 0.1667 0.5
v 0.0228 0.8470 0.1893
vt 0.1667 0.5
v -0.0242 0.8481 0.1938
vt 0.1667 0.5
v 0.0242 0.8481 0.1938
vt 0.1667 0.5
v -0.0247 0.8492 0.1985
vt 0.1667 0.5
v 0.0247 0.8492 0.1985
vt 0.1667 0.5
v -0.0242 0.8503 0.2032
vt 0.1667 0.5
v 0.0242 0.8503 0.2032
vt 0.1667 0.5
v -0.0228 0.8514 0.2077
vt 0.1667 0.5
v 0.0228 0.8514 0.2077
vt 0.1667 0.5
v -0.0205 0.8523 0.2118
vt 0.1667 0.5
v 0.0205 0.8523 0.2118
vt 0.1667 0.5
v -0.0174 0.8532 0.2154
vt 0.1667 0.5
v 0.0174 0.8532 0.2154
vt 0.1667 0.5
v -0.0137 0.8539 0.2184
vt 0.1667 0.5
v 0.0137 0.8539 0.2184
vt 0.1667 0.5
v -0.0094 0.8545 0.2206
vt 0.1667 0.5
v 0.0094 0.8545 0.2206
vt 0.1667 0.5
v -0.0048 0.8548 0.2220
vt 0.1667 0.5
v 0.0048 0.8548 0.2220
vt 0.1667 0.5
v 0.0000 0.8549 0.2225
vt 0.1667 0.5
v 0.0000 0.7254 0.1592
vt 0.1667 0.5
v 0.0000 0.6071 0.1121
vt 0.1667 0.5
v 0.0273 0.6077 0.1148
vt 0.1667 0.5
v 0.0130 0.7257 0.1605
vt 0.1667 0.5
v -0.0656 0.7378 0.2116
vt 0.1667 0.5
v -0.0618 0.7349 0.1994
vt 0.1667 0.5
v -0.0414 0.7374 0.2074
vt 0.1667 0.5
v -0.0440 0.7394 0.2156
vt 0.1667 0.5
v 0.0249 0.7500 0.2604
vt 0.1667 0.5
v 0.0317 0.7488 0.2550
vt 0.1667 0.5
v 0.0473 0.7518 0.2702
vt 0.1667 0.5
v 0.0371 0.7537 0.2783
vt 0.1667 0.5
v -0.0618 0.7349 0.1994
vt 0.1667 0.5
v -0.0556 0.7323 0.1881
vt 0.1667 0.5
v -0.0373 0.7356 0.1999
vt 0.1667 0.5
v -0.0414 0.7374 0.2074
vt 0.1667 0.5
v 0.0172 0.7510 0.2644
vt 0.1667 0.5
v 0.0249 0.7500 0.2604
vt 0.1667 0.5
v 0.0371 0.7537 0.2783
vt 0.1667 0.5
v 0.0256 0.7552 0.2843
vt 0.1667 0.5
v 0.0000 0.7310 0.1805
vt 0.1667 0.5
v 0.0000 0.7254 0.1592
vt 0.1667 0.5
v 0.0130 0.7257 0.1605
vt 0.1667 0.5
v 0.0088 0.7312 0.1813
vt 0.1667 0.5
v -0.0556 0.7323 0.1881
vt 0.1667 0.5
v -0.0473 0.7299 0.1783
vt 0.1667 0.5
v -0.0317 0.7341 0.1933
vt 0.1667 0.5
v -0.0373 0.7356 0.1999
vt 0.1667 0.5
v 0.0088 0.7516 0.2669
vt 0.1667 0.5
v 0.0172 0.7510 0.2644
vt 0.1667 0.5
v 0.0256 0.7552 0.2843
vt 0.1667 0.5
v 0.0130 0.7561 0.2880
vt 0.1667 0.5
v 0.0088 0.7312 0.1813
vt 0.1667 0.5
v 0.0130 0.7257 0.1605
vt 0.1667 0.5
v 0.0256 0.7266 0.1642
vt 0.1667 0.5
v 0.0172 0.7318 0.1838
vt 0.1667 0.5
v -0.0473 0.7299 0.1783
vt 0.1667 0.5
v -0.0371 0.7280 0.1702
vt 0.1667 0.5
v -0.0249 0.7328 0.1878
vt 0.1667 0.5
v -0.0317 0.7341 0.1933
vt 0.1667 0.5
v 0.0000 0.7518 0.2678
vt 0.1667 0.5
v 0.0088 0.7516 0.2669
vt 0.1667 0.5
v 0.0130 0.7561 0.2880
vt 0.1667 0.5
v 0.0000 0.7563 0.2893
vt 0.1667 0.5
v 0.0172 0.7318 0.1838
vt 0.1667 0.5
v 0.0256 0.7266 0.1642
vt 0.1667 0.5
v 0.0371 0.7280 0.1702
vt 0.1667 0.5
v 0.0249 0.7328 0.1878
vt 0.1667 0.5
v -0.0371 0.7280 0.1702
vt 0.1667 0.5
v -0.0256 0.7266 0.1642
vt 0.1667 0.5
v -0.0172 0.7318 0.1838
vt 0.1667 0.5
v -0.0249 0.7328 0.1878
vt 0.1667 0.5
v -0.0130 0.7561 0.2880
vt 0.1667 0.5
v -0.0088 0.7516 0.2669
vt 0.1667 0.5
v 0.0000 0.7518 0.2678
vt 0.1667 0.5
v 0.0000 0.7563 0.2893
vt 0.1667 0.5
v 0.0249 0.7328 0.1878
vt 0.1667 0.5
v 0.0371 0.7280 0.1702
vt 0.1667 0.5
v 0.0473 0.7299 0.1783
vt 0.1667 0.5
v 0.0317 0.7341 0.1933
vt 0.1667 0.5
v -0.0256 0.7266 0.1642
vt 0.1667 0.5
v -0.0130 0.7257 0.1605
vt 0.1667 0.5
v -0.0088 0.7312 0.1813
vt 0.1667 0.5
v -0.0172 0.7318 0.1838
vt 0.1667 0.5
v -0.0256 0.7552 0.2843
vt 0.1667 0.5
v -0.0172 0.7510 0.2644
vt 0.1667 0.5
v -0.0088 0.7516 0.2669
vt 0.1667 0.5
v -0.0130 0.7561 0.2880
vt 0.1667 0.5
v 0.0317 0.7341 0.1933
vt 0.1667 0.5
v 0.0473 0.7299 0.1783
vt 0.1667 0.5
v 0.0556 0.7323 0.1881
vt 0.1667 0.5
v 0.0373 0.7356 0.1999
vt 0.1667 0.5
v -0.0130 0.7257 0.1605
vt 0.1667 0.5
v 0.0000 0.7254 0.1592
vt 0.1667 0.5
v 0.0000 0.7310 0.1805
vt 0.1667 0.5
v -0.0088 0.7312 0.1813
vt 0.1667 0.5
v -0.0371 0.7537 0.2783
vt 0.1667 0.5
v -0.0249 0.7500 0.2604
vt 0.1667 0.5
v -0.0172 0.7510 0.2644
vt 0.1667 0.5
v -0.0256 0.7552 0.2843
vt 0.1667 0.5
v 0.0373 0.7356 0.1999
vt 0.1667 0.5
v 0.0556 0.7323 0.1881
vt 0.1667 0.5
v 0.0618 0.7349 0.1994
vt 0.1667 0.5
v 0.0414 0.7374 0.2074
vt 0.1667 0.5
v -0.0473 0.7518 0.2702
vt 0.1667 0.5
v -0.0317 0.7488 0.2550
vt 0.1667 0.5
v -0.0249 0.7500 0.2604
vt 0.1667 0.5
v -0.0371 0.7537 0.2783
vt 0.1667 0.5
v 0.0414 0.7374 0.2074
vt 0.1667 0.5
v 0.0618 0.7349 0.1994
vt 0.1667 0.5
v 0.0656 0.7378 0.2116
vt 0.1667 0.5
v 0.0440 0.7394 0.2156
vt 0.1667 0.5
v -0.0556 0.7495 0.2604
vt 0.1667 0.5
v -0.0373 0.7472 0.2484
vt 0.1667 0.5
v -0.0317 0.7488 0.2550
vt 0.1667 0.5
v -0.0473 0.7518 0.2702
vt 0.1667 0.5
v 0.0440 0.7394 0.2156
vt 0.1667 0.5
v 0.0656 0.7378 0.2116
vt 0.1667 0.5
v 0.0669 0.7409 0.2243
vt 0.1667 0.5
v 0.0449 0.7414 0.2241
vt 0.1667 0.5
v -0.0618 0.7468 0.2491
vt 0.1667 0.5
v -0.0414 0.7454 0.2408
vt 0.1667 0.5
v -0.0373 0.7472 0.2484
vt 0.1667 0.5
v -0.0556 0.7495 0.2604
vt 0.1667 0.5
v 0.0449 0.7414 0.2241
vt 0.1667 0.5
v 0.0669 0.7409 0.2243
vt 0.1667 0.5
v 0.0656 0.7439 0.2369
vt 0.1667 0.5
v 0.0440 0.7434 0.2326
vt 0.1667 0.5
v -0.0656 0.7439 0.2369
vt 0.1667 0.5
v -0.0440 0.7434 0.2326
vt 0.1667 0.5
v -0.0414 0.7454 0.2408
vt 0.1667 0.5
v -0.0618 0.7468 0.2491
vt 0.1667 0.5
v 0.0414 0.7454 0.2408
vt 0.1667 0.5
v 0.0440 0.7434 0.2326
vt 0.1667 0.5
v 0.0656 0.7439 0.2369
vt 0.1667 0.5
v 0.0618 0.7468 0.2491
vt 0.1667 0.5
v -0.0656 0.7439 0.2369
vt 0.1667 0.5
v -0.0669 0.7409 0.2243
vt 0.1667 0.5
v -0.0449 0.7414 0.2241
vt 0.1667 0.5
v -0.0440 0.7434 0.2326
vt 0.1667 0.5
v 0.0373 0.7472 0.2484
vt 0.1667 0.5
v 0.0414 0.7454 0.2408
vt 0.1667 0.5
v 0.0618 0.7468 0.2491
vt 0.1667 0.5
v 0.0556 0.7495 0.2604
vt 0.1667 0.5
v -0.0669 0.7409 0.2243
vt 0.1667 0.5
v -0.0656 0.7378 0.2116
vt 0.1667 0.5
v -0.0440 0.7394 0.2156
vt 0.1667 0.5
v -0.0449 0.7414 0.2241
vt 0.1667 0.5
v -0.1164 0.6215 0.1727
vt 0.1667 0.5
v -0.0990 0.6166 0.1520
vt 0.1667 0.5
v -0.0473 0.7299 0.1783
vt 0.1667 0.5
v -0.0556 0.7323 0.1881
vt 0.1667 0.5
v 0.0256 0.7552 0.2843
vt 0.1667 0.5
v 0.0536 0.6695 0.3743
vt 0.1667 0.5
v 0.0273 0.6713 0.3820
vt 0.1667 0.5
v 0.0130 0.7561 0.2880
vt 0.1667 0.5
v 0.0130 0.7257 0.1605
vt 0.1667 0.5
v 0.0273 0.6077 0.1148
vt 0.1667 0.5
v 0.0536 0.6095 0.1225
vt 0.1667 0.5
v 0.0256 0.7266 0.1642
vt 0.1667 0.5
v -0.0990 0.6166 0.1520
vt 0.1667 0.5
v -0.0778 0.6125 0.1351
vt 0.1667 0.5
v -0.0371 0.7280 0.1702
vt 0.1667 0.5
v -0.0473 0.7299 0.1783
vt 0.1667 0.5
v 0.0130 0.7561 0.2880
vt 0.1667 0.5
v 0.0273 0.6713 0.3820
vt 0.1667 0.5
v 0.0000 0.6719 0.3846
vt 0.1667 0.5
v 0.0000 0.7563 0.2893
vt 0.1667 0.5
v 0.0256 0.7266 0.1642
vt 0.1667 0.5
v 0.0536 0.6095 0.1225
vt 0.1667 0.5
v 0.0778 0.6125 0.1351
vt 0.1667 0.5
v 0.0371 0.7280 0.1702
vt 0.1667 0.5
v -0.0778 0.6125 0.1351
vt 0.1667 0.5
v -0.0536 0.6095 0.1225
vt 0.1667 0.5
v -0.0256 0.7266 0.1642
vt 0.1667 0.5
v -0.0371 0.7280 0.1702
vt 0.1667 0.5
v 0.0000 0.6719 0.3846
vt 0.1667 0.5
v -0.0273 0.6713 0.3820
vt 0.1667 0.5
v -0.0130 0.7561 0.2880
vt 0.1667 0.5
v 0.0000 0.7563 0.2893
vt 0.1667 0.5
v 0.0371 0.7280 0.1702
vt 0.1667 0.5
v 0.0778 0.6125 0.1351
vt 0.1667 0.5
v 0.0990 0.6166 0.1520
vt 0.1667 0.5
v 0.0473 0.7299 0.1783
vt 0.1667 0.5
v -0.0536 0.6095 0.1225
vt 0.1667 0.5
v -0.0273 0.6077 0.1148
vt 0.1667 0.5
v -0.0130 0.7257 0.1605
vt 0.1667 0.5
v -0.0256 0.7266 0.1642
vt 0.1667 0.5
v -0.0273 0.6713 0.3820
vt 0.1667 0.5
v -0.0536 0.6695 0.3743
vt 0.1667 0.5
v -0.0256 0.7552 0.2843
vt 0.1667 0.5
v -0.0130 0.7561 0.2880
vt 0.1667 0.5
v 0.0473 0.7299 0.1783
vt 0.1667 0.5
v 0.0990 0.6166 0.1520
vt 0.1667 0.5
v 0.1164 0.6215 0.1727
vt 0.1667 0.5
v 0.0556 0.7323 0.1881
vt 0.1667 0.5
v -0.0273 0.6077 0.1148
vt 0.1667 0.5
v 0.0000 0.6071 0.1121
vt 0.1667 0.5
v 0.0000 0.7254 0.1592
vt 0.1667 0.5
v -0.0130 0.7257 0.1605
vt 0.1667 0.5
v -0.0536 0.6695 0.3743
vt 0.1667 0.5
v -0.0778 0.6665 0.3617
vt 0.1667 0.5
v -0.0371 0.7537 0.2783
vt 0.1667 0.5
v -0.0256 0.7552 0.2843
vt 0.1667 0.5
v 0.0556 0.7323 0.1881
vt 0.1667 0.5
v 0.1164 0.6215 0.1727
vt 0.1667 0.5
v 0.1294 0.6271 0.1962
vt 0.1667 0.5
v 0.0618 0.7349 0.1994
vt 0.1667 0.5
v -0.0778 0.6665 0.3617
vt 0.1667 0.5
v -0.0990 0.6624 0.3447
vt 0.1667 0.5
v -0.0473 0.7518 0.2702
vt 0.1667 0.5
v -0.0371 0.7537 0.2783
vt 0.1667 0.5
v 0.0618 0.7349 0.1994
vt 0.1667 0.5
v 0.1294 0.6271 0.1962
vt 0.1667 0.5
v 0.1374 0.6332 0.2218
vt 0.1667 0.5
v 0.0656 0.7378 0.2116
vt 0.1667 0.5
v -0.0990 0.6624 0.3447
vt 0.1667 0.5
v -0.1164 0.6575 0.3241
vt 0.1667 0.5
v -0.0556 0.7495 0.2604
vt 0.1667 0.5
v -0.0473 0.7518 0.2702
vt 0.1667 0.5
v 0.0656 0.7378 0.2116
vt 0.1667 0.5
v 0.1374 0.6332 0.2218
vt 0.1667 0.5
v 0.1401 0.6395 0.2484
vt 0.1667 0.5
v 0.0669 0.7409 0.2243
vt 0.1667 0.5
v -0.1164 0.6575 0.3241
vt 0.1667 0.5
v -0.1294 0.6519 0.3005
vt 0.1667 0.5
v -0.0618 0.7468 0.2491
vt 0.1667 0.5
v -0.0556 0.7495 0.2604
vt 0.1667 0.5
v 0.0669 0.7409 0.2243
vt 0.1667 0.5
v 0.1401 0.6395 0.2484
vt 0.1667 0.5
v 0.1374 0.6458 0.2750
vt 0.1667 0.5
v 0.0656 0.7439 0.2369
vt 0.1667 0.5
v -0.1294 0.6519 0.3005
vt 0.1667 0.5
v -0.1374 0.6458 0.2750
vt 0.1667 0.5
v -0.0656 0.7439 0.2369
vt 0.1667 0.5
v -0.0618 0.7468 0.2491
vt 0.1667 0.5
v 0.0656 0.7439 0.2369
vt 0.1667 0.5
v 0.1374 0.6458 0.2750
vt 0.1667 0.5
v 0.1294 0.6519 0.3005
vt 0.1667 0.5
v 0.0618 0.7468 0.2491
vt 0.1667 0.5
v -0.1374 0.6458 0.2750
vt 0.1667 0.5
v -0.1401 0.6395 0.2484
vt 0.1667 0.5
v -0.0669 0.7409 0.2243
vt 0.1667 0.5
v -0.0656 0.7439 0.2369
vt 0.1667 0.5
v 0.0618 0.7468 0.2491
vt 0.1667 0.5
v 0.1294 0.6519 0.3005
vt 0.1667 0.5
v 0.1164 0.6575 0.3241
vt 0.1667 0.5
v 0.0556 0.7495 0.2604
vt 0.1667 0.5
v -0.1401 0.6395 0.2484
vt 0.1667 0.5
v -0.1374 0.6332 0.2218
vt 0.1667 0.5
v -0.0656 0.7378 0.2116
vt 0.1667 0.5
v -0.0669 0.7409 0.2243
vt 0.1667 0.5
v 0.0556 0.7495 0.2604
vt 0.1667 0.5
v 0.1164 0.6575 0.3241
vt 0.1667 0.5
v 0.0990 0.6624 0.3447
vt 0.1667 0.5
v 0.0473 0.7518 0.2702
vt 0.1667 0.5
v -0.1374 0.6332 0.2218
vt 0.1667 0.5
v -0.1294 0.6271 0.1962
vt 0.1667 0.5
v -0.0618 0.7349 0.1994
vt 0.1667 0.5
v -0.0656 0.7378 0.2116
vt 0.1667 0.5
v 0.0473 0.7518 0.2702
vt 0.1667 0.5
v 0.0990 0.6624 0.3447
vt 0.1667 0.5
v 0.0778 0.6665 0.3617
vt 0.1667 0.5
v 0.0371 0.7537 0.2783
vt 0.1667 0.5
v -0.1294 0.6271 0.1962
vt 0.1667 0.5
v -0.1164 0.6215 0.1727
vt 0.1667 0.5
v -0.0556 0.7323 0.1881
vt 0.1667 0.5
v -0.0618 0.7349 0.1994
vt 0.1667 0.5
v 0.0371 0.7537 0.2783
vt 0.1667 0.5
v 0.0778 0.6665 0.3617
vt 0.1667 0.5
v 0.0536 0.6695 0.3743
vt 0.1667 0.5
v 0.0256 0.7552 0.2843
vt 0.1667 0.5
v 0.0273 0.6077 0.1148
vt 0.1667 0.5
v 0.0000 0.6071 0.1121
vt 0.1667 0.5
v 0.0000 0.6089 0.1091
vt 0.1667 0.5
v 0.0278 0.6096 0.1118
vt 0.1667 0.5
v 0.0536 0.6095 0.1225
vt 0.1667 0.5
v 0.0273 0.6077 0.1148
vt 0.1667 0.5
v 0.0278 0.6096 0.1118
vt 0.1667 0.5
v 0.0546 0.6114 0.1197
vt 0.1667 0.5
v 0.0778 0.6125 0.1351
vt 0.1667 0.5
v 0.0536 0.6095 0.1225
vt 0.1667 0.5
v 0.0546 0.6114 0.1197
vt 0.1667 0.5
v 0.0792 0.6145 0.1325
vt 0.1667 0.5
v 0.0990 0.6166 0.1520
vt 0.1667 0.5
v 0.0778 0.6125 0.1351
vt 0.1667 0.5
v 0.0792 0.6145 0.1325
vt 0.1667 0.5
v 0.1008 0.6186 0.1497
vt 0.1667 0.5
v 0.1164 0.6215 0.1727
vt 0.1667 0.5
v 0.0990 0.6166 0.1520
vt 0.1667 0.5
v 0.1008 0.6186 0.1497
vt 0.1667 0.5
v 0.1185 0.6236 0.1707
vt 0.1667 0.5
v 0.1294 0.6271 0.1962
vt 0.1667 0.5
v 0.1164 0.6215 0.1727
vt 0.1667 0.5
v 0.1185 0.6236 0.1707
vt 0.1667 0.5
v 0.1317 0.6293 0.1947
vt 0.1667 0.5
v 0.1374 0.6332 0.2218
vt 0.1667 0.5
v 0.1294 0.6271 0.1962
vt 0.1667 0.5
v 0.1317 0.6293 0.1947
vt 0.1667 0.5
v 0.1398 0.6355 0.2207
vt 0.1667 0.5
v 0.1401 0.6395 0.2484
vt 0.1667 0.5
v 0.1374 0.6332 0.2218
vt 0.1667 0.5
v 0.1398 0.6355 0.2207
vt 0.1667 0.5
v 0.1426 0.6419 0.2478
vt 0.1667 0.5
v 0.1374 0.6458 0.2750
vt 0.1667 0.5
v 0.1401 0.6395 0.2484
vt 0.1667 0.5
v 0.1426 0.6419 0.2478
vt 0.1667 0.5
v 0.1398 0.6484 0.2749
vt 0.1667 0.5
v 0.1294 0.6519 0.3005
vt 0.1667 0.5
v 0.1374 0.6458 0.2750
vt 0.1667 0.5
v 0.1398 0.6484 0.2749
vt 0.1667 0.5
v 0.1317 0.6546 0.3009
vt 0.1667 0.5
v 0.1164 0.6575 0.3241
vt 0.1667 0.5
v 0.1294 0.6519 0.3005
vt 0.1667 0.5
v 0.1317 0.6546 0.3009
vt 0.1667 0.5
v 0.1185 0.6603 0.3249
vt 0.1667 0.5
v 0.0990 0.6624 0.3447
vt 0.1667 0.5
v 0.1164 0.6575 0.3241
vt 0.1667 0.5
v 0.1185 0.6603 0.3249
vt 0.1667 0.5
v 0.1008 0.6653 0.3459
vt 0.1667 0.5
v 0.0778 0.6665 0.3617
vt 0.1667 0.5
v 0.0990 0.6624 0.3447
vt 0.1667 0.5
v 0.1008 0.6653 0.3459
vt 0.1667 0.5
v 0.0792 0.6694 0.3631
vt 0.1667 0.5
v 0.0536 0.6695 0.3743
vt 0.1667 0.5
v 0.0778 0.6665 0.3617
vt 0.1667 0.5
v 0.0792 0.6694 0.3631
vt 0.1667 0.5
v 0.0546 0.6724 0.3759
vt 0.1667 0.5
v 0.0273 0.6713 0.3820
vt 0.1667 0.5
v 0.0536 0.6695 0.3743
vt 0.1667 0.5
v 0.0546 0.6724 0.3759
vt 0.1667 0.5
v 0.0278 0.6743 0.3838
vt 0.1667 0.5
v 0.0000 0.6719 0.3846
vt 0.1667 0.5
v 0.0273 0.6713 0.3820
vt 0.1667 0.5
v 0.0278 0.6743 0.3838
vt 0.1667 0.5
v 0.0000 0.6750 0.3865
vt 0.1667 0.5
v -0.0278 0.6743 0.3838
vt 0.1667 0.5
v -0.0273 0.6713 0.3820
vt 0.1667 0.5
v 0.0000 0.6719 0.3846
vt 0.1667 0.5
v 0.0000 0.6750 0.3865
vt 0.1667 0.5
v -0.0546 0.6724 0.3759
vt 0.1667 0.5
v -0.0536 0.6695 0.3743
vt 0.1667 0.5
v -0.0273 0.6713 0.3820
vt 0.1667 0.5
v -0.0278 0.6743 0.3838
vt 0.1667 0.5
v -0.0792 0.6694 0.3631
vt 0.1667 0.5
v -0.0778 0.6665 0.3617
vt 0.1667 0.5
v -0.0536 0.6695 0.3743
vt 0.1667 0.5
v -0.0546 0.6724 0.3759
vt 0.1667 0.5
v -0.1008 0.6653 0.3459
vt 0.1667 0.5
v -0.0990 0.6624 0.3447
vt 0.1667 0.5
v -0.0778 0.6665 0.3617
vt 0.1667 0.5
v -0.0792 0.6694 0.3631
vt 0.1667 0.5
v -0.1185 0.6603 0.3249
vt 0.1667 0.5
v -0.1164 0.6575 0.3241
vt 0.1667 0.5
v -0.0990 0.6624 0.3447
vt 0.1667 0.5
v -0.1008 0.6653 0.3459
vt 0.1667 0.5
v -0.1317 0.6546 0.3009
vt 0.1667 0.5
v -0.1294 0.6519 0.3005
vt 0.1667 0.5
v -0.1164 0.6575 0.3241
vt 0.1667 0.5
v -0.1185 0.6603 0.3249
vt 0.1667 0.5
v -0.1398 0.6484 0.2749
vt 0.1667 0.5
v -0.1374 0.6458 0.2750
vt 0.1667 0.5
v -0.1294 0.6519 0.3005
vt 0.1667 0.5
v -0.1317 0.6546 0.3009
vt 0.1667 0.5
v -0.1426 0.6419 0.2478
vt 0.1667 0.5
v -0.1401 0.6395 0.2484
vt 0.1667 0.5
v -0.1374 0.6458 0.2750
vt 0.1667 0.5
v -0.1398 0.6484 0.2749
vt 0.1667 0.5
v -0.1398 0.6355 0.2207
vt 0.1667 0.5
v -0.1374 0.6332 0.2218
vt 0.1667 0.5
v -0.1401 0.6395 0.2484
vt 0.1667 0.5
v -0.1426 0.6419 0.2478
vt 0.1667 0.5
v -0.1317 0.6293 0.1947
vt 0.1667 0.5
v -0.1294 0.6271 0.1962
vt 0.1667 0.5
v -0.1374 0.6332 0.2218
vt 0.1667 0.5
v -0.1398 0.6355 0.2207
vt 0.1667 0.5
v -0.1185 0.6236 0.1707
vt 0.1667 0.5
v -0.1164 0.6215 0.1727
vt 0.1667 0.5
v -0.1294 0.6271 0.1962
vt 0.1667 0.5
v -0.1317 0.6293 0.1947
vt 0.1667 0.5
v -0.1008 0.6186 0.1497
vt 0.1667 0.5
v -0.0990 0.6166 0.1520
vt 0.1667 0.5
v -0.1164 0.6215 0.1727
vt 0.1667 0.5
v -0.1185 0.6236 0.1707
vt 0.1667 0.5
v -0.0792 0.6145 0.1325
vt 0.1667 0.5
v -0.0778 0.6125 0.1351
vt 0.1667 0.5
v -0.0990 0.6166 0.1520
vt 0.1667 0.5
v -0.1008 0.6186 0.1497
vt 0.1667 0.5
v -0.0546 0.6114 0.1197
vt 0.1667 0.5
v -0.0536 0.6095 0.1225
vt 0.1667 0.5
v -0.0778 0.6125 0.1351
vt 0.1667 0.5
v -0.0792 0.6145 0.1325
vt 0.1667 0.5
v -0.0278 0.6096 0.1118
vt 0.1667 0.5
v -0.0273 0.6077 0.1148
vt 0.1667 0.5
v -0.0536 0.6095 0.1225
vt 0.1667 0.5
v -0.0546 0.6114 0.1197
vt 0.1667 0.5
v 0.0000 0.6089 0.1091
vt 0.1667 0.5
v 0.0000 0.6071 0.1121
vt 0.1667 0.5
v -0.0273 0.6077 0.1148
vt 0.1667 0.5
v -0.0278 0.6096 0.1118
vt 0.1667 0.5
v 0.0218 0.7365 0.1136
vt 0.1667 0.5
v 0.0218 0.7365 0.1468
vt 0.1667 0.5
v 0.0218 0.7901 0.1187
vt 0.1667 0.5
v 0.0218 0.7650 0.0709
vt 0.1667 0.5
v -0.0218 0.7901 0.1187
vt 0.1667 0.5
v -0.0218 0.7650 0.0709
vt 0.1667 0.5
v 0.0218 0.7650 0.0709
vt 0.1667 0.5
v 0.0218 0.7901 0.1187
vt 0.1667 0.5
v -0.0218 0.7901 0.1187
vt 0.1667 0.5
v -0.0218 0.7365 0.1468
vt 0.1667 0.5
v -0.0218 0.7365 0.1136
vt 0.1667 0.5
v -0.0218 0.7650 0.0709
vt 0.1667 0.5
v -0.0218 0.7365 0.1136
vt 0.1667 0.5
v -0.0218 0.7365 0.1468
vt 0.1667 0.5
v 0.0218 0.7365 0.1468
vt 0.1667 0.5
v 0.0218 0.7365 0.1136
vt 0.1667 0.5
v -0.0218 0.7650 0.0709
vt 0.1667 0.5
v -0.0218 0.7365 0.1136
vt 0.1667 0.5
v 0.0218 0.7365 0.1136
vt 0.1667 0.5
v 0.0218 0.7650 0.0709
vt 0.1667 0.5
v 0.0101 0.7579 0.1806
vt 0.1667 0.5
v 0.0101 0.7509 0.1393
vt 0.1667 0.5
v -0.0101 0.7509 0.1393
vt 0.1667 0.5
v -0.0101 0.7579 0.1806
vt 0.1667 0.5
v 0.0218 0.7901 0.1187
vt 0.1667 0.5
v 0.0218 0.7365 0.1468
vt 0.1667 0.5
v 0.0101 0.7509 0.1393
vt 0.1667 0.5
v 0.0101 0.7757 0.1263
vt 0.1667 0.5
v 0.0218 0.7901 0.1187
vt 0.1667 0.5
v 0.0101 0.7757 0.1263
vt 0.1667 0.5
v -0.0101 0.7757 0.1263
vt 0.1667 0.5
v -0.0218 0.7901 0.1187
vt 0.1667 0.5
v -0.0101 0.7509 0.1393
vt 0.1667 0.5
v -0.0218 0.7365 0.1468
vt 0.1667 0.5
v -0.0218 0.7901 0.1187
vt 0.1667 0.5
v -0.0101 0.7757 0.1263
vt 0.1667 0.5
v 0.0101 0.7509 0.1393
vt 0.1667 0.5
v 0.0218 0.7365 0.1468
vt 0.1667 0.5
v -0.0218 0.7365 0.1468
vt 0.1667 0.5
v -0.0101 0.7509 0.1393
vt 0.1667 0.5
v 0.0101 0.7854 0.1755
vt 0.1667 0.5
v 0.0101 0.7579 0.1806
vt 0.1667 0.5
v -0.0101 0.7579 0.1806
vt 0.1667 0.5
v -0.0101 0.7854 0.1755
vt 0.1667 0.5
v -0.0101 0.7854 0.1755
vt 0.1667 0.5
v -0.0101 0.7757 0.1263
vt 0.1667 0.5
v 0.0101 0.7757 0.1263
vt 0.1667 0.5
v 0.0101 0.7854 0.1755
vt 0.1667 0.5
v -0.0101 0.7579 0.1806
vt 0.1667 0.5
v -0.0101 0.7509 0.1393
vt 0.1667 0.5
v -0.0101 0.7757 0.1263
vt 0.1667 0.5
v -0.0101 0.7854 0.1755
vt 0.1667 0.5
v 0.0101 0.7757 0.1263
vt 0.1667 0.5
v 0.0101 0.7509 0.1393
vt 0.1667 0.5
v 0.0101 0.7579 0.1806
vt 0.1667 0.5
v 0.0101 0.7854 0.1755
vt 0.1667 0.5
v 0.0180 0.1260 -0.0109
vt 0.1667 0.5
v 0.0180 0.1018 -0.0238
vt 0.1667 0.5
v 0.0180 0.1018 0.0267
vt 0.1667 0.5
v 0.0180 0.1462 0.0267
vt 0.1667 0.5
v 0.0180 0.1462 0.0267
vt 0.1667 0.5
v 0.0180 0.1018 0.0267
vt 0.1667 0.5
v -0.0180 0.1018 0.0267
vt 0.1667 0.5
v -0.0180 0.1462 0.0267
vt 0.1667 0.5
v -0.0180 0.1018 0.0267
vt 0.1667 0.5
v -0.0180 0.1018 -0.0238
vt 0.1667 0.5
v -0.0180 0.1260 -0.0109
vt 0.1667 0.5
v -0.0180 0.1462 0.0267
vt 0.1667 0.5
v -0.0180 0.1260 -0.0109
vt 0.1667 0.5
v -0.0180 0.1018 -0.0238
vt 0.1667 0.5
v 0.0180 0.1018 -0.0238
vt 0.1667 0.5
v 0.0180 0.1260 -0.0109
vt 0.1667 0.5
v -0.0180 0.1462 0.0267
vt 0.1667 0.5
v -0.0180 0.1260 -0.0109
vt 0.1667 0.5
v 0.0180 0.1260 -0.0109
vt 0.1667 0.5
v 0.0180 0.1462 0.0267
vt 0.1667 0.5
v 0.0180 0.1018 0.0267
vt 0.1667 0.5
v 0.0180 0.1018 -0.0238
vt 0.1667 0.5
v -0.0180 0.1018 -0.0238
vt 0.1667 0.5
v -0.0180 0.1018 0.0267
vt 0.1667 0.5
v 0.0218 0.5061 -0.3023
vt 0.1667 0.5
v 0.0218 0.4767 -0.2852
vt 0.1667 0.5
v 0.0218 0.4767 -0.3519
vt 0.1667 0.5
v 0.0218 0.5306 -0.3519
vt 0.1667 0.5
v 0.0218 0.5306 -0.3519
vt 0.1667 0.5
v 0.0218 0.4767 -0.3519
vt 0.1667 0.5
v -0.0218 0.4767 -0.3519
vt 0.1667 0.5
v -0.0218 0.5306 -0.3519
vt 0.1667 0.5
v -0.0218 0.5306 -0.3519
vt 0.1667 0.5
v -0.0218 0.4767 -0.3519
vt 0.1667 0.5
v -0.0218 0.4767 -0.2852
vt 0.1667 0.5
v -0.0218 0.5061 -0.3023
vt 0.1667 0.5
v -0.0218 0.5061 -0.3023
vt 0.1667 0.5
v -0.0218 0.4767 -0.2852
vt 0.1667 0.5
v 0.0218 0.4767 -0.2852
vt 0.1667 0.5
v 0.0218 0.5061 -0.3023
vt 0.1667 0.5
v -0.0218 0.5306 -0.3519
vt 0.1667 0.5
v -0.0218 0.5061 -0.3023
vt 0.1667 0.5
v 0.0218 0.5061 -0.3023
vt 0.1667 0.5
v 0.0218 0.5306 -0.3519
vt 0.1667 0.5
v -0.0218 0.4767 -0.2852
vt 0.1667 0.5
v -0.0218 0.4767 -0.3519
vt 0.1667 0.5
v 0.0218 0.4767 -0.3519
vt 0.1667 0.5
v 0.0218 0.4767 -0.2852
vt 0.1667 0.5
f 1/1 2/2 3/3
f 1/1 3/3 4/4
f 5/5 6/6 7/7
f 5/5 7/7 8/8
f 9/9 10/10 11/11
f 9/9 11/11 12/12
f 13/13 14/14 15/15
f 13/13 15/15 16/16
f 17/17 18/18 19/19
f 17/17 19/19 20/20
f 21/21 22/22 23/23
f 21/21 23/23 24/24
f 25/25 26/26 27/27
f 25/25 27/27 28/28
f 29/29 30/30 31/31
f 29/29 31/31 32/32
f 33/33 34/34 35/35
f 33/33 35/35 36/36
f 37/37 38/38 39/39
f 37/37 39/39 40/40
f 41/41 42/42 43/43
f 41/41 43/43 44/44
f 45/45 46/46 47/47
f 45/45 47/47 48/48
f 49/49 50/50 51/51
f 49/49 51/51 52/52
f 53/53 54/54 55/55
f 53/53 55/55 56/56
f 57/57 58/58 59/59
f 57/57 59/59 60/60
f 61/61 62/62 63/63
f 61/61 63/63 64/64
f 65/65 66/66 67/67
f 65/65 67/67 68/68
f 69/69 70/70 71/71
f 69/69 71/71 72/72
f 73/73 74/74 75/75
f 73/73 75/75 76/76
f 77/77 78/78 79/79
f 77/77 79/79 80/80
f 81/81 82/82 83/83
f 81/81 83/83 84/84
f 85/85 86/86 87/87
f 85/85 87/87 88/88
f 89/89 90/90 91/91
f 89/89 91/91 92/92
f 93/93 94/94 95/95
f 93/93 95/95 96/96
f 97/97 98/98 99/99
f 97/97 99/99 100/100
f 101/101 102/102 103/103
f 101/101 103/103 104/104
f 105/105 106/106 107/107
f 105/105 107/107 108/108
f 109/109 110/110 111/111
f 109/109 111/111 112/112
f 113/113 114/114 115/115
f 113/113 115/115 116/116
f 117/117 118/118 119/119
f 117/117 119/119 120/120
f 121/121 122/122 123/123
f 121/121 123/123 124/124
f 125/125 126/126 127/127
f 125/125 127/127 128/128
f 129/129 130/130 131/131
f 129/129 131/131 132/132
f 133/133 134/134 135/135
f 136/136 133/133 135/135
f 136/136 135/135 137/137
f 138/138 136/136 137/137
f 138/138 137/137 139/139
f 140/140 138/138 139/139
f 140/140 139/139 141/141
f 142/142 140/140 141/141
f 142/142 141/141 143/143
f 144/144 142/142 143/143
f 144/144 143/143 145/145
f 146/146 144/144 145/145
f 146/146 145/145 147/147
f 148/148 146/146 147/147
f 148/148 147/147 149/149
f 150/150 148/148 149/149
f 150/150 149/149 151/151
f 152/152 150/150 151/151
f 152/152 151/151 153/153
f 154/154 152/152 153/153
f 154/154 153/153 155/155
f 156/156 154/154 155/155
f 156/156 155/155 157/157
f 158/158 156/156 157/157
f 158/158 157/157 159/159
f 160/160 158/158 159/159
f 160/160 159/159 161/161
f 162/162 160/160 161/161
f 162/162 161/161 163/163
f 164/164 162/162 163/163
f 165/165 166/166 167/167
f 168/168 165/165 167/167
f 169/169 165/165 168/168
f 170/170 169/169 168/168
f 171/171 172/172 173/173
f 174/174 171/171 173/173
f 175/175 171/171 174/174
f 176/176 175/175 174/174
f 177/177 178/178 179/179
f 180/180 177/177 179/179
f 181/181 177/177 180/180
f 182/182 181/181 180/180
f 183/183 181/181 182/182
f 184/184 183/183 182/182
f 185/185 183/183 184/184
f 185/185 184/184 186/186
f 187/187 185/185 186/186
f 187/187 186/186 188/188
f 187/187 188/188 189/189
f 187/187 189/189 190/190
f 190/190 189/189 191/191
f 190/190 191/191 192/192
f 193/193 194/194 195/195
f 193/193 195/195 196/196
f 197/197 198/198 199/199
f 197/197 199/199 200/200
f 201/201 202/202 203/203
f 201/201 203/203 204/204
f 205/205 206/206 207/207
f 205/205 207/207 208/208
f 208/208 207/207 209/209
f 208/208 209/209 210/210
f 211/211 212/212 213/213
f 214/214 211/211 213/213
f 215/215 216/216 217/217
f 218/218 215/215 217/217
f 216/216 219/219 220/220
f 217/217 216/216 220/220
f 219/219 221/221 222/222
f 220/220 219/219 222/222
f 221/221 223/223 224/224
f 222/222 221/221 224/224
f 225/225 226/226 227/227
f 228/228 225/225 227/227
f 229/229 230/230 231/231
f 232/232 229/229 231/231
f 233/233 234/234 231/231
f 230/230 233/233 231/231
f 235/235 236/236 234/234
f 233/233 235/235 234/234
f 237/237 238/238 236/236
f 237/237 236/236 235/235
f 239/239 240/240 238/238
f 239/239 238/238 237/237
f 241/241 242/242 240/240
f 241/241 240/240 239/239
f 243/243 244/244 242/242
f 243/243 242/242 241/241
f 245/245 246/246 244/244
f 245/245 244/244 243/243
f 247/247 248/248 246/246
f 247/247 246/246 245/245
f 167/167 166/166 248/248
f 167/167 248/248 247/247
f 249/249 250/250 251/251
f 249/249 251/251 252/252
f 253/253 249/249 252/252
f 253/253 252/252 254/254
f 255/255 253/253 254/254
f 255/255 254/254 256/256
f 257/257 255/255 256/256
f 257/257 256/256 258/258
f 259/259 257/257 258/258
f 259/259 258/258 260/260
f 261/261 259/259 260/260
f 261/261 260/260 262/262
f 263/263 261/261 262/262
f 263/263 262/262 264/264
f 265/265 263/263 264/264
f 265/265 264/264 266/266
f 267/267 265/265 266/266
f 267/267 266/266 268/268
f 269/269 267/267 268/268
f 269/269 268/268 270/270
f 271/271 269/269 270/270
f 271/271 270/270 272/272
f 273/273 271/271 272/272
f 273/273 272/272 274/274
f 275/275 273/273 274/274
f 275/275 274/274 276/276
f 277/277 275/275 276/276
f 277/277 276/276 278/278
f 279/279 277/277 278/278
f 279/279 278/278 280/280
f 281/281 282/282 283/283
f 281/281 283/283 284/284
f 285/285 286/286 287/287
f 285/285 287/287 288/288
f 289/289 290/290 291/291
f 289/289 291/291 292/292
f 293/293 294/294 295/295
f 293/293 295/295 296/296
f 297/297 298/298 299/299
f 297/297 299/299 300/300
f 301/301 302/302 303/303
f 301/301 303/303 304/304
f 305/305 306/306 307/307
f 305/305 307/307 308/308
f 309/309 310/310 311/311
f 309/309 311/311 312/312
f 313/313 314/314 315/315
f 313/313 315/315 316/316
f 317/317 318/318 319/319
f 317/317 319/319 320/320
f 321/321 322/322 323/323
f 321/321 323/323 324/324
f 325/325 326/326 327/327
f 325/325 327/327 328/328
f 329/329 330/330 331/331
f 329/329 331/331 332/332
f 333/333 334/334 335/335
f 333/333 335/335 336/336
f 337/337 338/338 339/339
f 337/337 339/339 340/340
f 341/341 342/342 343/343
f 341/341 343/343 344/344
f 345/345 346/346 347/347
f 345/345 347/347 348/348
f 349/349 350/350 351/351
f 349/349 351/351 352/352
f 353/353 354/354 355/355
f 353/353 355/355 356/356
f 357/357 358/358 359/359
f 357/357 359/359 360/360
f 361/361 362/362 363/363
f 361/361 363/363 364/364
f 365/365 366/366 367/367
f 365/365 367/367 368/368
f 369/369 370/370 371/371
f 369/369 371/371 372/372
f 373/373 374/374 375/375
f 373/373 375/375 376/376
f 377/377 378/378 379/379
f 377/377 379/379 380/380
f 381/381 382/382 383/383
f 381/381 383/383 384/384
f 385/385 386/386 387/387
f 385/385 387/387 388/388
f 389/389 390/390 391/391
f 389/389 391/391 392/392
f 393/393 394/394 395/395
f 393/393 395/395 396/396
f 397/397 398/398 399/399
f 397/397 399/399 400/400
f 401/401 402/402 403/403
f 401/401 403/403 404/404
f 405/405 406/406 407/407
f 405/405 407/407 408/408
f 409/409 410/410 411/411
f 412/412 409/409 411/411
f 413/413 414/414 415/415
f 416/416 413/413 415/415
f 417/417 418/418 419/419
f 420/420 417/417 419/419
f 421/421 422/422 423/423
f 424/424 421/421 423/423
f 425/425 426/426 427/427
f 428/428 425/425 427/427
f 429/429 430/430 431/431
f 432/432 429/429 431/431
f 433/433 434/434 435/435
f 436/436 433/433 435/435
f 437/437 438/438 439/439
f 440/440 437/437 439/439
f 441/441 442/442 443/443
f 444/444 441/441 443/443
f 445/445 446/446 447/447
f 448/448 445/445 447/447
f 449/449 450/450 451/451
f 452/452 449/449 451/451
f 453/453 454/454 455/455
f 456/456 453/453 455/455
f 457/457 458/458 459/459
f 460/460 457/457 459/459
f 461/461 462/462 463/463
f 464/464 461/461 463/463
f 465/465 466/466 467/467
f 465/465 467/467 468/468
f 469/469 470/470 471/471
f 469/469 471/471 472/472
f 473/473 474/474 475/475
f 473/473 475/475 476/476
f 477/477 478/478 479/479
f 477/477 479/479 480/480
f 481/481 482/482 483/483
f 481/481 483/483 484/484
f 485/485 486/486 487/487
f 485/485 487/487 488/488
f 489/489 490/490 491/491
f 489/489 491/491 492/492
f 493/493 494/494 495/495
f 493/493 495/495 496/496
f 497/497 498/498 499/499
f 497/497 499/499 500/500
f 501/501 502/502 503/503
f 501/501 503/503 504/504
f 505/505 506/506 507/507
f 505/505 507/507 508/508
f 509/509 510/510 511/511
f 509/509 511/511 512/512
f 513/513 514/514 515/515
f 513/513 515/515 516/516
f 517/517 518/518 519/519
f 517/517 519/519 520/520
f 521/521 522/522 523/523
f 521/521 523/523 524/524
f 525/525 526/526 527/527
f 528/528 525/525 527/527
f 529/529 530/530 531/531
f 532/532 529/529 531/531
f 533/533 534/534 535/535
f 533/533 535/535 536/536
f 537/537 538/538 539/539
f 540/540 537/537 539/539
f 541/541 542/542 543/543
f 544/544 541/541 543/543
f 545/545 546/546 547/547
f 548/548 545/545 547/547
f 549/549 550/550 551/551
f 552/552 549/549 551/551
f 553/553 554/554 555/555
f 556/556 553/553 555/555
f 557/557 558/558 559/559
f 560/560 557/557 559/559
f 561/561 562/562 563/563
f 564/564 561/561 563/563
f 565/565 566/566 567/567
f 568/568 565/565 567/567
f 569/569 570/570 571/571
f 572/572 569/569 571/571
f 573/573 574/574 575/575
f 576/576 573/573 575/575
f 577/577 578/578 579/579
f 580/580 577/577 579/579
f 581/581 582/582 583/583
f 584/584 581/581 583/583
f 585/585 586/586 587/587
f 588/588 585/585 587/587
f 589/589 590/590 591/591
f 592/592 589/589 591/591
f 593/593 594/594 595/595
f 596/596 593/593 595/595
f 597/597 598/598 599/599
f 600/600 597/597 599/599
f 601/601 602/602 603/603
f 604/604 601/601 603/603
f 605/605 606/606 607/607
f 608/608 605/605 607/607
f 609/609 610/610 611/611
f 612/612 609/609 611/611
f 613/613 614/614 615/615
f 616/616 613/613 615/615
f 617/617 618/618 619/619
f 620/620 617/617 619/619
f 621/621 622/622 623/623
f 624/624 621/621 623/623
f 625/625 626/626 627/627
f 628/628 625/625 627/627
f 629/629 630/630 631/631
f 632/632 629/629 631/631
f 633/633 634/634 635/635
f 636/636 633/633 635/635
f 637/637 638/638 639/639
f 640/640 637/637 639/639
f 641/641 642/642 643/643
f 644/644 641/641 643/643
f 645/645 646/646 647/647
f 648/648 645/645 647/647
f 649/649 650/650 651/651
f 652/652 649/649 651/651
f 653/653 654/654 655/655
f 656/656 653/653 655/655
f 657/657 658/658 659/659
f 660/660 657/657 659/659
f 661/661 662/662 663/663
f 664/664 661/661 663/663
f 665/665 666/666 667/667
f 668/668 665/665 667/667
f 669/669 670/670 671/671
f 672/672 669/669 671/671
f 673/673 674/674 675/675
f 676/676 673/673 675/675
f 677/677 678/678 679/679
f 677/677 679/679 680/680
f 681/681 682/682 683/683
f 684/684 681/681 683/683
f 685/685 686/686 687/687
f 688/688 685/685 687/687
f 689/689 690/690 691/691
f 692/692 689/689 691/691
f 693/693 694/694 695/695
f 696/696 693/693 695/695
f 697/697 698/698 699/699
f 700/700 697/697 699/699
f 701/701 702/702 703/703
f 701/701 703/703 704/704
f 705/705 706/706 707/707
f 708/708 705/705 707/707
f 709/709 710/710 711/711
f 712/712 709/709 711/711
f 713/713 714/714 715/715
f 716/716 713/713 715/715
f 717/717 718/718 719/719
f 720/720 717/717 719/719
f 721/721 722/722 723/723
f 724/724 721/721 723/723
f 725/725 726/726 727/727
f 725/725 727/727 728/728
f 729/729 730/730 731/731
f 732/732 729/729 731/731
f 733/733 734/734 735/735
f 736/736 733/733 735/735
f 737/737 738/738 739/739
f 740/740 737/737 739/739
f 741/741 742/742 743/743
f 744/744 741/741 743/743
f 745/745 746/746 747/747
f 748/748 745/745 747/747
f 749/749 750/750 751/751
f 749/749 751/751 752/752
f 753/753 754/754 755/755
f 756/756 753/753 755/755
f 757/757 758/758 759/759
f 760/760 757/757 759/759
f 761/761 762/762 763/763
f 764/764 761/761 763/763
f 765/765 766/766 767/767
f 768/768 765/765 767/767
f 769/769 770/770 771/771
f 772/772 769/769 771/771
f 773/773 774/774 775/775
f 773/773 775/775 776/776
f 777/777 778/778 779/779
f 780/780 777/777 779/779
f 781/781 782/782 783/783
f 784/784 781/781 783/783
f 785/785 786/786 787/787
f 788/788 785/785 787/787
f 789/789 790/790 791/791
f 792/792 789/789 791/791
f 793/793 794/794 795/795
f 796/796 793/793 795/795
f 797/797 798/798 799/799
f 797/797 799/799 800/800
f 801/801 802/802 803/803
f 804/804 801/801 803/803
f 805/805 806/806 807/807
f 808/808 805/805 807/807
f 809/809 810/810 811/811
f 812/812 809/809 811/811
f 813/813 814/814 815/815
f 816/816 813/813 815/815
f 817/817 818/818 819/819
f 820/820 817/817 819/819
f 821/821 822/822 823/823
f 821/821 823/823 824/824
f 825/825 826/826 827/827
f 828/828 825/825 827/827
f 829/829 830/830 831/831
f 832/832 829/829 831/831
f 833/833 834/834 835/835
f 836/836 833/833 835/835
f 837/837 838/838 839/839
f 840/840 837/837 839/839
f 841/841 842/842 843/843
f 844/844 841/841 843/843
f 845/845 846/846 847/847
f 848/848 845/845 847/847
f 849/849 850/850 851/851
f 852/852 849/849 851/851
f 853/853 854/854 855/855
f 856/856 853/853 855/855
f 857/857 858/858 859/859
f 860/860 857/857 859/859
f 861/861 862/862 863/863
f 864/864 861/861 863/863
f 865/865 866/866 867/867
f 868/868 865/865 867/867
f 869/869 870/870 871/871
f 872/872 869/869 871/871
f 873/873 874/874 875/875
f 876/876 873/873 875/875
f 877/877 878/878 879/879
f 880/880 877/877 879/879
f 881/881 882/882 883/883
f 884/884 881/881 883/883
f 885/885 886/886 887/887
f 888/888 885/885 887/887
f 889/889 890/890 891/891
f 892/892 889/889 891/891
f 893/893 894/894 895/895
f 896/896 893/893 895/895
f 897/897 898/898 899/899
f 900/900 897/897 899/899
f 901/901 902/902 903/903
f 904/904 901/901 903/903
f 905/905 906/906 907/907
f 908/908 905/905 907/907
f 909/909 910/910 911/911
f 912/912 909/909 911/911
f 913/913 914/914 915/915
f 916/916 913/913 915/915
f 917/917 918/918 919/919
f 917/917 919/919 920/920
f 921/921 922/922 923/923
f 921/921 923/923 924/924
f 925/925 926/926 927/927
f 925/925 927/927 928/928
f 929/929 930/930 931/931
f 929/929 931/931 932/932
f 933/933 934/934 935/935
f 933/933 935/935 936/936
f 937/937 938/938 939/939
f 937/937 939/939 940/940
f 941/941 942/942 943/943
f 944/944 941/941 943/943
f 945/945 946/946 947/947
f 945/945 947/947 948/948
f 949/949 950/950 951/951
f 949/949 951/951 952/952
f 953/953 954/954 955/955
f 953/953 955/955 956/956
f 957/957 958/958 959/959
f 957/957 959/959 960/960
f 961/961 962/962 963/963
f 961/961 963/963 964/964
f 965/965 966/966 967/967
f 965/965 967/967 968/968
f 969/969 970/970 971/971
f 969/969 971/971 972/972
f 973/973 974/974 975/975
f 973/973 975/975 976/976
f 977/977 978/978 979/979
f 977/977 979/979 980/980
f 981/981 982/982 983/983
f 981/981 983/983 984/984
f 985/985 986/986 987/987
f 985/985 987/987 988/988
f 989/989 990/990 991/991
f 989/989 991/991 992/992
f 993/993 994/994 995/995
f 993/993 995/995 996/996
f 997/997 998/998 999/999
f 997/997 999/999 1000/1000
f 1001/1001 1002/1002 1003/1003
f 1001/1001 1003/1003 1004/1004
f 1005/1005 1006/1006 1007/1007
f 1005/1005 1007/1007 1008/1008
f 1009/1009 1010/1010 1011/1011
f 1009/1009 1011/1011 1012/1012
f 1013/1013 1014/1014 1015/1015
f 1013/1013 1015/1015 1016/1016
f 1017/1017 1018/1018 1019/1019
f 1017/1017 1019/1019 1020/1020
f 1021/1021 1022/1022 1023/1023
f 1021/1021 1023/1023 1024/1024
f 1025/1025 1026/1026 1027/1027
f 1025/1025 1027/1027 1028/1028
f 1029/1029 1030/1030 1031/1031
f 1029/1029 1031/1031 1032/1032
f 1033/1033 1034/1034 1035/1035
f 1033/1033 1035/1035 1036/1036
f 1037/1037 1038/1038 1039/1039
f 1040/1040 1037/1037 1039/1039
f 1041/1041 1042/1042 1043/1043
f 1041/1041 1043/1043 1044/1044
f 1045/1045 1046/1046 1047/1047
f 1045/1045 1047/1047 1048/1048
f 1049/1049 1050/1050 1051/1051
f 1049/1049 1051/1051 1052/1052
f 1053/1053 1054/1054 1055/1055
f 1053/1053 1055/1055 1056/1056
f 1057/1057 1058/1058 1059/1059
f 1057/1057 1059/1059 1060/1060
f 1061/1061 1062/1062 1063/1063
f 1064/1064 1061/1061 1063/1063
f 1065/1065 1066/1066 1067/1067
f 1065/1065 1067/1067 1068/1068
f 1069/1069 1070/1070 1071/1071
f 1069/1069 1071/1071 1072/1072
f 1073/1073 1074/1074 1075/1075
f 1073/1073 1075/1075 1076/1076
f 1077/1077 1078/1078 1079/1079
f 1077/1077 1079/1079 1080/1080
f 1081/1081 1082/1082 1083/1083
f 1081/1081 1083/1083 1084/1084
f 1085/1085 1086/1086 1087/1087
f 1088/1088 1085/1085 1087/1087
f 1089/1089 1090/1090 1091/1091
f 1089/1089 1091/1091 1092/1092
f 1093/1093 1094/1094 1095/1095
f 1093/1093 1095/1095 1096/1096
f 1097/1097 1098/1098 1099/1099
f 1097/1097 1099/1099 1100/1100
f 1101/1101 1102/1102 1103/1103
f 1101/1101 1103/1103 1104/1104
f 1105/1105 1106/1106 1107/1107
f 1105/1105 1107/1107 1108/1108
f 1109/1109 1110/1110 1111/1111
f 1112/1112 1109/1109 1111/1111
f 1113/1113 1114/1114 1115/1115
f 1113/1113 1115/1115 1116/1116
f 1117/1117 1118/1118 1119/1119
f 1117/1117 1119/1119 1120/1120
f 1121/1121 1122/1122 1123/1123
f 1121/1121 1123/1123 1124/1124
f 1125/1125 1126/1126 1127/1127
f 1125/1125 1127/1127 1128/1128
f 1129/1129 1130/1130 1131/1131
f 1129/1129 1131/1131 1132/1132
f 1133/1133 1134/1134 1135/1135
f 1136/1136 1133/1133 1135/1135
f 1137/1137 1138/1138 1139/1139
f 1137/1137 1139/1139 1140/1140
f 1141/1141 1142/1142 1143/1143
f 1141/1141 1143/1143 1144/1144
f 1145/1145 1146/1146 1147/1147
f 1145/1145 1147/1147 1148/1148
f 1149/1149 1150/1150 1151/1151
f 1149/1149 1151/1151 1152/1152
f 1153/1153 1154/1154 1155/1155
f 1153/1153 1155/1155 1156/1156
f 1157/1157 1158/1158 1159/1159
f 1160/1160 1157/1157 1159/1159
f 1161/1161 1162/1162 1163/1163
f 1161/1161 1163/1163 1164/1164
f 1165/1165 1166/1166 1167/1167
f 1165/1165 1167/1167 1168/1168
f 1169/1169 1170/1170 1171/1171
f 1169/1169 1171/1171 1172/1172
f 1173/1173 1174/1174 1175/1175
f 1173/1173 1175/1175 1176/1176
f 1177/1177 1178/1178 1179/1179
f 1177/1177 1179/1179 1180/1180
f 1181/1181 1182/1182 1183/1183
f 1184/1184 1181/1181 1183/1183
f 1185/1185 1186/1186 1187/1187
f 1185/1185 1187/1187 1188/1188
f 1189/1189 1190/1190 1191/1191
f 1189/1189 1191/1191 1192/1192
f 1193/1193 1194/1194 1195/1195
f 1193/1193 1195/1195 1196/1196
f 1197/1197 1198/1198 1199/1199
f 1197/1197 1199/1199 1200/1200
f 1201/1201 1202/1202 1203/1203
f 1201/1201 1203/1203 1204/1204
f 1205/1205 1206/1206 1207/1207
f 1205/1205 1207/1207 1208/1208
f 1209/1209 1210/1210 1211/1211
f 1209/1209 1211/1211 1212/1212
f 1213/1213 1214/1214 1215/1215
f 1213/1213 1215/1215 1216/1216
f 1217/1217 1218/1218 1219/1219
f 1217/1217 1219/1219 1220/1220
f 1221/1221 1222/1222 1223/1223
f 1221/1221 1223/1223 1224/1224
f 1225/1225 1226/1226 1227/1227
f 1225/1225 1227/1227 1228/1228
f 1229/1229 1230/1230 1231/1231
f 1229/1229 1231/1231 1232/1232
f 1233/1233 1234/1234 1235/1235
f 1233/1233 1235/1235 1236/1236
f 1237/1237 1238/1238 1239/1239
f 1237/1237 1239/1239 1240/1240
f 1241/1241 1242/1242 1243/1243
f 1241/1241 1243/1243 1244/1244
f 1245/1245 1246/1246 1247/1247
f 1245/1245 1247/1247 1248/1248
f 1249/1249 1250/1250 1251/1251
f 1249/1249 1251/1251 1252/1252
f 1253/1253 1254/1254 1255/1255
f 1253/1253 1255/1255 1256/1256
f 1257/1257 1258/1258 1259/1259
f 1257/1257 1259/1259 1260/1260
f 1261/1261 1262/1262 1263/1263
f 1261/1261 1263/1263 1264/1264
f 1265/1265 1266/1266 1267/1267
f 1265/1265 1267/1267 1268/1268
f 1269/1269 1270/1270 1271/1271
f 1269/1269 1271/1271 1272/1272
f 1273/1273 1274/1274 1275/1275
f 1273/1273 1275/1275 1276/1276
f 1277/1277 1278/1278 1279/1279
f 1277/1277 1279/1279 1280/1280
f 1281/1281 1282/1282 1283/1283
f 1281/1281 1283/1283 1284/1284
f 1285/1285 1286/1286 1287/1287
f 1285/1285 1287/1287 1288/1288
f 1289/1289 1290/1290 1291/1291
f 1289/1289 1291/1291 1292/1292
f 1293/1293 1294/1294 1295/1295
f 1293/1293 1295/1295 1296/1296
f 1297/1297 1298/1298 1299/1299
f 1297/1297 1299/1299 1300/1300
f 1301/1301 1302/1302 1303/1303
f 1301/1301 1303/1303 1304/1304
f 1305/1305 1306/1306 1307/1307
f 1308/1308 1305/1305 1307/1307
f 1308/1308 1307/1307 1309/1309
f 1310/1310 1308/1308 1309/1309
f 1310/1310 1309/1309 1311/1311
f 1312/1312 1310/1310 1311/1311
f 1312/1312 1311/1311 1313/1313
f 1312/1312 1313/1313 1314/1314
f 1315/1315 1312/1312 1314/1314
f 1315/1315 1314/1314 1316/1316
f 1317/1317 1315/1315 1316/1316
f 1318/1318 1317/1317 1316/1316
f 1318/1318 1316/1316 1319/1319
f 1320/1320 1318/1318 1319/1319
f 1320/1320 1319/1319 1321/1321
f 1322/1322 1320/1320 1321/1321
f 1322/1322 1321/1321 1323/1323
f 1324/1324 1322/1322 1323/1323
f 1324/1324 1323/1323 1325/1325
f 1326/1326 1324/1324 1325/1325
f 1326/1326 1325/1325 1327/1327
f 1328/1328 1326/1326 1327/1327
f 1328/1328 1327/1327 1329/1329
f 1330/1330 1328/1328 1329/1329
f 1330/1330 1329/1329 1331/1331
f 1332/1332 1330/1330 1331/1331
f 1332/1332 1331/1331 1333/1333
f 1334/1334 1332/1332 1333/1333
f 1334/1334 1333/1333 1335/1335
f 1336/1336 1334/1334 1335/1335
f 1337/1337 1338/1338 1339/1339
f 1340/1340 1337/1337 1339/1339
f 1341/1341 1342/1342 1343/1343
f 1344/1344 1341/1341 1343/1343
f 1345/1345 1346/1346 1347/1347
f 1345/1345 1347/1347 1348/1348
f 1349/1349 1350/1350 1351/1351
f 1349/1349 1351/1351 1352/1352
f 1353/1353 1354/1354 1355/1355
f 1353/1353 1355/1355 1356/1356
f 1357/1357 1358/1358 1359/1359
f 1360/1360 1357/1357 1359/1359
f 1361/1361 1362/1362 1363/1363
f 1361/1361 1363/1363 1364/1364
f 1365/1365 1366/1366 1367/1367
f 1365/1365 1367/1367 1368/1368
f 1369/1369 1370/1370 1371/1371
f 1372/1372 1369/1369 1371/1371
f 1373/1373 1374/1374 1375/1375
f 1373/1373 1375/1375 1376/1376
f 1377/1377 1378/1378 1379/1379
f 1377/1377 1379/1379 1380/1380
f 1381/1381 1382/1382 1383/1383
f 1384/1384 1381/1381 1383/1383
f 1385/1385 1386/1386 1387/1387
f 1385/1385 1387/1387 1388/1388
f 1389/1389 1390/1390 1391/1391
f 1392/1392 1389/1389 1391/1391
f 1393/1393 1394/1394 1395/1395
f 1396/1396 1393/1393 1395/1395
f 1397/1397 1398/1398 1399/1399
f 1397/1397 1399/1399 1400/1400
f 1401/1401 1402/1402 1403/1403
f 1404/1404 1401/1401 1403/1403
f 1405/1405 1406/1406 1407/1407
f 1408/1408 1405/1405 1407/1407
f 1409/1409 1410/1410 1411/1411
f 1409/1409 1411/1411 1412/1412
f 1413/1413 1414/1414 1415/1415
f 1416/1416 1413/1413 1415/1415
f 1417/1417 1418/1418 1419/1419
f 1420/1420 1417/1417 1419/1419
f 1421/1421 1422/1422 1423/1423
f 1424/1424 1421/1421 1423/1423
f 1425/1425 1426/1426 1427/1427
f 1425/1425 1427/1427 1428/1428
f 1429/1429 1430/1430 1431/1431
f 1432/1432 1429/1429 1431/1431
f 1433/1433 1434/1434 1435/1435
f 1433/1433 1435/1435 1436/1436
f 1437/1437 1438/1438 1439/1439
f 1440/1440 1437/1437 1439/1439
f 1441/1441 1442/1442 1443/1443
f 1441/1441 1443/1443 1444/1444
f 1445/1445 1446/1446 1447/1447
f 1445/1445 1447/1447 1448/1448
f 1449/1449 1450/1450 1451/1451
f 1452/1452 1449/1449 1451/1451
f 1453/1453 1454/1454 1455/1455
f 1456/1456 1453/1453 1455/1455
f 1457/1457 1458/1458 1459/1459
f 1457/1457 1459/1459 1460/1460
f 1461/1461 1462/1462 1463/1463
f 1464/1464 1461/1461 1463/1463
f 1465/1465 1466/1466 1467/1467
f 1465/1465 1467/1467 1468/1468
f 1469/1469 1470/1470 1471/1471
f 1472/1472 1469/1469 1471/1471
f 1473/1473 1474/1474 1475/1475
f 1476/1476 1473/1473 1475/1475
f 1477/1477 1478/1478 1479/1479
f 1477/1477 1479/1479 1480/1480
f 1481/1481 1482/1482 1483/1483
f 1484/1484 1481/1481 1483/1483
f 1485/1485 1486/1486 1487/1487
f 1488/1488 1485/1485 1487/1487
f 1489/1489 1490/1490 1491/1491
f 1489/1489 1491/1491 1492/1492
f 1493/1493 1494/1494 1495/1495
f 1493/1493 1495/1495 1496/1496
f 1497/1497 1498/1498 1499/1499
f 1500/1500 1497/1497 1499/1499
f 1501/1501 1502/1502 1503/1503
f 1501/1501 1503/1503 1504/1504
f 1505/1505 1506/1506 1507/1507
f 1505/1505 1507/1507 1508/1508
f 1509/1509 1510/1510 1511/1511
f 1512/1512 1509/1509 1511/1511
f 1513/1513 1514/1514 1515/1515
f 1513/1513 1515/1515 1516/1516
f 1517/1517 1518/1518 1519/1519
f 1517/1517 1519/1519 1520/1520
f 1521/1521 1522/1522 1523/1523
f 1524/1524 1521/1521 1523/1523
f 1525/1525 1526/1526 1527/1527
f 1525/1525 1527/1527 1528/1528
f 1529/1529 1530/1530 1531/1531
f 1532/1532 1529/1529 1531/1531
f 1533/1533 1534/1534 1535/1535
f 1533/1533 1535/1535 1536/1536
f 1537/1537 1538/1538 1539/1539
f 1540/1540 1537/1537 1539/1539
f 1541/1541 1542/1542 1543/1543
f 1541/1541 1543/1543 1544/1544
f 1545/1545 1546/1546 1547/1547
f 1548/1548 1545/1545 1547/1547
f 1549/1549 1550/1550 1551/1551
f 1549/1549 1551/1551 1552/1552
f 1553/1553 1554/1554 1555/1555
f 1556/1556 1553/1553 1555/1555
f 1557/1557 1558/1558 1559/1559
f 1557/1557 1559/1559 1560/1560
f 1561/1561 1562/1562 1563/1563
f 1564/1564 1561/1561 1563/1563
f 1565/1565 1566/1566 1567/1567
f 1565/1565 1567/1567 1568/1568
f 1569/1569 1570/1570 1571/1571
f 1572/1572 1569/1569 1571/1571
f 1573/1573 1574/1574 1575/1575
f 1573/1573 1575/1575 1576/1576
f 1577/1577 1578/1578 1579/1579
f 1580/1580 1577/1577 1579/1579
f 1581/1581 1582/1582 1583/1583
f 1581/1581 1583/1583 1584/1584
f 1585/1585 1586/1586 1587/1587
f 1588/1588 1585/1585 1587/1587
f 1589/1589 1590/1590 1591/1591
f 1592/1592 1589/1589 1591/1591
f 1593/1593 1594/1594 1595/1595
f 1593/1593 1595/1595 1596/1596
f 1597/1597 1598/1598 1599/1599
f 1597/1597 1599/1599 1600/1600
f 1601/1601 1602/1602 1603/1603
f 1601/1601 1603/1603 1604/1604
f 1605/1605 1606/1606 1607/1607
f 1605/1605 1607/1607 1608/1608
f 1609/1609 1610/1610 1611/1611
f 1609/1609 1611/1611 1612/1612
f 1613/1613 1614/1614 1615/1615
f 1613/1613 1615/1615 1616/1616
f 1617/1617 1618/1618 1619/1619
f 1617/1617 1619/1619 1620/1620
f 1621/1621 1622/1622 1623/1623
f 1621/1621 1623/1623 1624/1624
f 1625/1625 1626/1626 1627/1627
f 1625/1625 1627/1627 1628/1628
f 1629/1629 1630/1630 1631/1631
f 1629/1629 1631/1631 1632/1632
f 1633/1633 1634/1634 1635/1635
f 1633/1633 1635/1635 1636/1636
f 1637/1637 1638/1638 1639/1639
f 1637/1637 1639/1639 1640/1640
f 1641/1641 1642/1642 1643/1643
f 1641/1641 1643/1643 1644/1644
f 1645/1645 1646/1646 1647/1647
f 1645/1645 1647/1647 1648/1648
f 1649/1649 1650/1650 1651/1651
f 1652/1652 1649/1649 1651/1651
f 1653/1653 1654/1654 1655/1655
f 1656/1656 1653/1653 1655/1655
f 1657/1657 1658/1658 1659/1659
f 1660/1660 1657/1657 1659/1659
f 1661/1661 1662/1662 1663/1663
f 1664/1664 1661/1661 1663/1663
f 1665/1665 1666/1666 1667/1667
f 1668/1668 1665/1665 1667/1667
f 1669/1669 1670/1670 1671/1671
f 1672/1672 1669/1669 1671/1671
f 1673/1673 1674/1674 1675/1675
f 1676/1676 1673/1673 1675/1675
f 1677/1677 1678/1678 1679/1679
f 1680/1680 1677/1677 1679/1679
f 1681/1681 1682/1682 1683/1683
f 1684/1684 1681/1681 1683/1683
f 1685/1685 1686/1686 1687/1687
f 1688/1688 1685/1685 1687/1687
f 1689/1689 1690/1690 1691/1691
f 1692/1692 1689/1689 1691/1691
f 1693/1693 1694/1694 1695/1695
f 1696/1696 1693/1693 1695/1695
f 1697/1697 1698/1698 1699/1699
f 1700/1700 1697/1697 1699/1699
f 1701/1701 1702/1702 1703/1703
f 1704/1704 1701/1701 1703/1703
f 1705/1705 1706/1706 1707/1707
f 1708/1708 1705/1705 1707/1707
f 1709/1709 1710/1710 1711/1711
f 1709/1709 1711/1711 1712/1712
f 1713/1713 1714/1714 1715/1715
f 1713/1713 1715/1715 1716/1716
f 1717/1717 1718/1718 1719/1719
f 1720/1720 1717/1717 1719/1719
f 1721/1721 1722/1722 1723/1723
f 1721/1721 1723/1723 1724/1724
f 1725/1725 1726/1726 1727/1727
f 1725/1725 1727/1727 1728/1728
f 1729/1729 1730/1730 1731/1731
f 1729/1729 1731/1731 1732/1732
f 1733/1733 1734/1734 1735/1735
f 1733/1733 1735/1735 1736/1736
f 1737/1737 1738/1738 1739/1739
f 1737/1737 1739/1739 1740/1740
f 1741/1741 1742/1742 1743/1743
f 1741/1741 1743/1743 1744/1744
f 1745/1745 1746/1746 1747/1747
f 1745/1745 1747/1747 1748/1748
f 1749/1749 1750/1750 1751/1751
f 1749/1749 1751/1751 1752/1752
f 1753/1753 1754/1754 1755/1755
f 1753/1753 1755/1755 1756/1756
f 1757/1757 1758/1758 1759/1759
f 1757/1757 1759/1759 1760/1760
f 1761/1761 1762/1762 1763/1763
f 1761/1761 1763/1763 1764/1764
f 1765/1765 1766/1766 1767/1767
f 1765/1765 1767/1767 1768/1768
f 1769/1769 1770/1770 1771/1771
f 1769/1769 1771/1771 1772/1772
f 1773/1773 1774/1774 1775/1775
f 1773/1773 1775/1775 1776/1776
f 1777/1777 1778/1778 1779/1779
f 1777/1777 1779/1779 1780/1780
f 1781/1781 1782/1782 1783/1783
f 1781/1781 1783/1783 1784/1784
f 1785/1785 1786/1786 1787/1787
f 1785/1785 1787/1787 1788/1788
f 1789/1789 1790/1790 1791/1791
f 1789/1789 1791/1791 1792/1792
f 1793/1793 1794/1794 1795/1795
f 1793/1793 1795/1795 1796/1796
f 1797/1797 1798/1798 1799/1799
f 1797/1797 1799/1799 1800/1800
f 1801/1801 1802/1802 1803/1803
f 1801/1801 1803/1803 1804/1804
f 1805/1805 1806/1806 1807/1807
f 1805/1805 1807/1807 1808/1808
f 1809/1809 1810/1810 1811/1811
f 1809/1809 1811/1811 1812/1812
f 1813/1813 1814/1814 1815/1815
f 1813/1813 1815/1815 1816/1816
f 1817/1817 1818/1818 1819/1819
f 1817/1817 1819/1819 1820/1820
f 1821/1821 1822/1822 1823/1823
f 1821/1821 1823/1823 1824/1824
f 1825/1825 1826/1826 1827/1827
f 1825/1825 1827/1827 1828/1828
f 1829/1829 1830/1830 1831/1831
f 1829/1829 1831/1831 1832/1832
f 1833/1833 1834/1834 1835/1835
f 1833/1833 1835/1835 1836/1836
f 1837/1837 1838/1838 1839/1839
f 1837/1837 1839/1839 1840/1840
f 1841/1841 1842/1842 1843/1843
f 1841/1841 1843/1843 1844/1844
f 1845/1845 1846/1846 1847/1847
f 1845/1845 1847/1847 1848/1848
f 1849/1849 1850/1850 1851/1851
f 1849/1849 1851/1851 1852/1852
f 1853/1853 1854/1854 1855/1855
f 1853/1853 1855/1855 1856/1856
f 1857/1857 1858/1858 1859/1859
f 1857/1857 1859/1859 1860/1860
f 1861/1861 1862/1862 1863/1863
f 1864/1864 1861/1861 1863/1863
f 1865/1865 1866/1866 1867/1867
f 1865/1865 1867/1867 1868/1868
f 1869/1869 1870/1870 1871/1871
f 1869/1869 1871/1871 1872/1872
f 1873/1873 1874/1874 1875/1875
f 1873/1873 1875/1875 1876/1876
f 1877/1877 1878/1878 1879/1879
f 1877/1877 1879/1879 1880/1880
f 1881/1881 1882/1882 1883/1883
f 1881/1881 1883/1883 1884/1884
f 1885/1885 1886/1886 1887/1887
f 1888/1888 1885/1885 1887/1887
f 1889/1889 1890/1890 1891/1891
f 1889/1889 1891/1891 1892/1892
f 1893/1893 1894/1894 1895/1895
f 1893/1893 1895/1895 1896/1896
f 1897/1897 1898/1898 1899/1899
f 1897/1897 1899/1899 1900/1900
f 1901/1901 1902/1902 1903/1903
f 1901/1901 1903/1903 1904/1904
f 1905/1905 1906/1906 1907/1907
f 1905/1905 1907/1907 1908/1908
f 1909/1909 1910/1910 1911/1911
f 1912/1912 1909/1909 1911/1911
f 1913/1913 1914/1914 1915/1915
f 1913/1913 1915/1915 1916/1916
f 1917/1917 1918/1918 1919/1919
f 1917/1917 1919/1919 1920/1920
f 1921/1921 1922/1922 1923/1923
f 1921/1921 1923/1923 1924/1924
f 1925/1925 1926/1926 1927/1927
f 1925/1925 1927/1927 1928/1928
f 1929/1929 1930/1930 1931/1931
f 1929/1929 1931/1931 1932/1932
f 1933/1933 1934/1934 1935/1935
f 1936/1936 1933/1933 1935/1935
f 1937/1937 1938/1938 1939/1939
f 1937/1937 1939/1939 1940/1940
f 1941/1941 1942/1942 1943/1943
f 1941/1941 1943/1943 1944/1944
f 1945/1945 1946/1946 1947/1947
f 1945/1945 1947/1947 1948/1948
f 1949/1949 1950/1950 1951/1951
f 1949/1949 1951/1951 1952/1952
f 1953/1953 1954/1954 1955/1955
f 1956/1956 1953/1953 1955/1955
f 1957/1957 1958/1958 1959/1959
f 1960/1960 1957/1957 1959/1959
f 1961/1961 1962/1962 1963/1963
f 1961/1961 1963/1963 1964/1964
f 1965/1965 1966/1966 1967/1967
f 1965/1965 1967/1967 1968/1968
f 1969/1969 1970/1970 1971/1971
f 1969/1969 1971/1971 1972/1972
f 1973/1973 1974/1974 1975/1975
f 1973/1973 1975/1975 1976/1976
f 1977/1977 1978/1978 1979/1979
f 1980/1980 1977/1977 1979/1979
f 1981/1981 1982/1982 1983/1983
f 1984/1984 1981/1981 1983/1983
f 1985/1985 1986/1986 1987/1987
f 1985/1985 1987/1987 1988/1988
f 1989/1989 1990/1990 1991/1991
f 1989/1989 1991/1991 1992/1992
f 1993/1993 1994/1994 1995/1995
f 1993/1993 1995/1995 1996/1996
f 1997/1997 1998/1998 1999/1999
f 1997/1997 1999/1999 2000/2000
f 2001/2001 2002/2002 2003/2003
f 2004/2004 2001/2001 2003/2003
f 2005/2005 2006/2006 2007/2007
f 2008/2008 2005/2005 2007/2007
f 2009/2009 2010/2010 2011/2011
f 2009/2009 2011/2011 2012/2012
f 2013/2013 2014/2014 2015/2015
f 2013/2013 2015/2015 2016/2016
f 2017/2017 2018/2018 2019/2019
f 2017/2017 2019/2019 2020/2020
f 2021/2021 2022/2022 2023/2023
f 2021/2021 2023/2023 2024/2024
f 2025/2025 2026/2026 2027/2027
f 2025/2025 2027/2027 2028/2028
f 2029/2029 2030/2030 2031/2031
f 2029/2029 2031/2031 2032/2032
f 2033/2033 2034/2034 2035/2035
f 2033/2033 2035/2035 2036/2036
f 2037/2037 2038/2038 2039/2039
f 2037/2037 2039/2039 2040/2040
f 2041/2041 2042/2042 2043/2043
f 2041/2041 2043/2043 2044/2044
f 2045/2045 2046/2046 2047/2047
f 2045/2045 2047/2047 2048/2048
f 2049/2049 2050/2050 2051/2051
f 2049/2049 2051/2051 2052/2052
f 2053/2053 2054/2054 2055/2055
f 2053/2053 2055/2055 2056/2056
f 2057/2057 2058/2058 2059/2059
f 2057/2057 2059/2059 2060/2060
f 2061/2061 2062/2062 2063/2063
f 2061/2061 2063/2063 2064/2064
f 2065/2065 2066/2066 2067/2067
f 2065/2065 2067/2067 2068/2068
f 2069/2069 2070/2070 2071/2071
f 2069/2069 2071/2071 2072/2072
f 2073/2073 2074/2074 2075/2075
f 2073/2073 2075/2075 2076/2076
f 2077/2077 2078/2078 2079/2079
f 2077/2077 2079/2079 2080/2080
f 2081/2081 2082/2082 2083/2083
f 2081/2081 2083/2083 2084/2084
f 2085/2085 2086/2086 2087/2087
f 2085/2085 2087/2087 2088/2088
f 2089/2089 2090/2090 2091/2091
f 2089/2089 2091/2091 2092/2092
f 2093/2093 2094/2094 2095/2095
f 2093/2093 2095/2095 2096/2096
f 2097/2097 2098/2098 2099/2099
f 2097/2097 2099/2099 2100/2100
f 2101/2101 2102/2102 2103/2103
f 2104/2104 2101/2101 2103/2103
f 2105/2105 2106/2106 2107/2107
f 2108/2108 2105/2105 2107/2107
f 2109/2109 2110/2110 2111/2111
f 2112/2112 2109/2109 2111/2111
f 2113/2113 2114/2114 2115/2115
f 2116/2116 2113/2113 2115/2115
f 2117/2117 2118/2118 2119/2119
f 2120/2120 2117/2117 2119/2119
f 2121/2121 2122/2122 2123/2123
f 2124/2124 2121/2121 2123/2123
f 2125/2125 2126/2126 2127/2127
f 2125/2125 2127/2127 2128/2128
f 2129/2129 2130/2130 2131/2131
f 2132/2132 2129/2129 2131/2131
f 2133/2133 2134/2134 2135/2135
f 2136/2136 2133/2133 2135/2135
f 2137/2137 2138/2138 2139/2139
f 2140/2140 2137/2137 2139/2139
f 2141/2141 2142/2142 2143/2143
f 2144/2144 2141/2141 2143/2143
f 2145/2145 2146/2146 2147/2147
f 2148/2148 2145/2145 2147/2147
f 2149/2149 2150/2150 2151/2151
f 2152/2152 2149/2149 2151/2151
f 2153/2153 2154/2154 2155/2155
f 2156/2156 2153/2153 2155/2155
f 2157/2157 2158/2158 2159/2159
f 2160/2160 2157/2157 2159/2159
f 2161/2161 2162/2162 2163/2163
f 2164/2164 2161/2161 2163/2163
f 2165/2165 2166/2166 2167/2167
f 2168/2168 2165/2165 2167/2167
f 2169/2169 2170/2170 2171/2171
f 2172/2172 2169/2169 2171/2171
f 2173/2173 2174/2174 2175/2175
f 2176/2176 2173/2173 2175/2175
f 2177/2177 2178/2178 2179/2179
f 2180/2180 2177/2177 2179/2179
f 2181/2181 2182/2182 2183/2183
f 2184/2184 2181/2181 2183/2183
f 2185/2185 2186/2186 2187/2187
f 2188/2188 2185/2185 2187/2187
f 2189/2189 2190/2190 2191/2191
f 2192/2192 2189/2189 2191/2191
f 2193/2193 2194/2194 2195/2195
f 2196/2196 2193/2193 2195/2195
f 2197/2197 2198/2198 2199/2199
f 2200/2200 2197/2197 2199/2199
f 2201/2201 2202/2202 2203/2203
f 2204/2204 2201/2201 2203/2203
f 2205/2205 2206/2206 2207/2207
f 2208/2208 2205/2205 2207/2207
f 2209/2209 2210/2210 2211/2211
f 2212/2212 2209/2209 2211/2211
f 2213/2213 2214/2214 2215/2215
f 2216/2216 2213/2213 2215/2215
f 2217/2217 2218/2218 2219/2219
f 2217/2217 2219/2219 2220/2220
f 2221/2221 2222/2222 2223/2223
f 2221/2221 2223/2223 2224/2224
f 2225/2225 2226/2226 2227/2227
f 2228/2228 2225/2225 2227/2227
f 2229/2229 2230/2230 2231/2231
f 2232/2232 2229/2229 2231/2231
f 2233/2233 2234/2234 2235/2235
f 2236/2236 2233/2233 2235/2235
f 2237/2237 2238/2238 2239/2239
f 2240/2240 2237/2237 2239/2239
f 2241/2241 2242/2242 2243/2243
f 2241/2241 2243/2243 2244/2244
f 2245/2245 2246/2246 2247/2247
f 2245/2245 2247/2247 2248/2248
f 2249/2249 2250/2250 2251/2251
f 2252/2252 2249/2249 2251/2251
f 2253/2253 2254/2254 2255/2255
f 2256/2256 2253/2253 2255/2255
f 2257/2257 2258/2258 2259/2259
f 2260/2260 2257/2257 2259/2259
f 2261/2261 2262/2262 2263/2263
f 2264/2264 2261/2261 2263/2263
f 2265/2265 2266/2266 2267/2267
f 2265/2265 2267/2267 2268/2268
f 2269/2269 2270/2270 2271/2271
f 2269/2269 2271/2271 2272/2272
f 2273/2273 2274/2274 2275/2275
f 2276/2276 2273/2273 2275/2275
f 2277/2277 2278/2278 2279/2279
f 2280/2280 2277/2277 2279/2279
f 2281/2281 2282/2282 2283/2283
f 2284/2284 2281/2281 2283/2283
f 2285/2285 2286/2286 2287/2287
f 2288/2288 2285/2285 2287/2287
f 2289/2289 2290/2290 2291/2291
f 2292/2292 2289/2289 2291/2291
f 2293/2293 2294/2294 2295/2295
f 2293/2293 2295/2295 2296/2296
f 2297/2297 2298/2298 2299/2299
f 2300/2300 2297/2297 2299/2299
f 2301/2301 2302/2302 2303/2303
f 2304/2304 2301/2301 2303/2303
f 2305/2305 2306/2306 2307/2307
f 2308/2308 2305/2305 2307/2307
f 2309/2309 2310/2310 2311/2311
f 2312/2312 2309/2309 2311/2311
f 2313/2313 2314/2314 2315/2315
f 2316/2316 2313/2313 2315/2315
f 2317/2317 2318/2318 2319/2319
f 2317/2317 2319/2319 2320/2320
f 2321/2321 2322/2322 2323/2323
f 2324/2324 2321/2321 2323/2323
f 2325/2325 2326/2326 2327/2327
f 2328/2328 2325/2325 2327/2327
f 2329/2329 2330/2330 2331/2331
f 2332/2332 2329/2329 2331/2331
f 2333/2333 2334/2334 2335/2335
f 2336/2336 2333/2333 2335/2335
f 2337/2337 2338/2338 2339/2339
f 2340/2340 2337/2337 2339/2339
f 2341/2341 2342/2342 2343/2343
f 2341/2341 2343/2343 2344/2344
f 2345/2345 2346/2346 2347/2347
f 2348/2348 2345/2345 2347/2347
f 2349/2349 2350/2350 2351/2351
f 2352/2352 2349/2349 2351/2351
f 2353/2353 2354/2354 2355/2355
f 2356/2356 2353/2353 2355/2355
f 2357/2357 2358/2358 2359/2359
f 2360/2360 2357/2357 2359/2359
f 2361/2361 2362/2362 2363/2363
f 2364/2364 2361/2361 2363/2363
f 2365/2365 2366/2366 2367/2367
f 2365/2365 2367/2367 2368/2368
f 2369/2369 2370/2370 2371/2371
f 2372/2372 2369/2369 2371/2371
f 2373/2373 2374/2374 2375/2375
f 2376/2376 2373/2373 2375/2375
f 2377/2377 2378/2378 2379/2379
f 2380/2380 2377/2377 2379/2379
f 2381/2381 2382/2382 2383/2383
f 2384/2384 2381/2381 2383/2383
f 2385/2385 2386/2386 2387/2387
f 2388/2388 2385/2385 2387/2387
f 2389/2389 2390/2390 2391/2391
f 2392/2392 2389/2389 2391/2391
f 2393/2393 2394/2394 2395/2395
f 2396/2396 2393/2393 2395/2395
f 2397/2397 2398/2398 2399/2399
f 2400/2400 2397/2397 2399/2399
f 2401/2401 2402/2402 2403/2403
f 2404/2404 2401/2401 2403/2403
f 2405/2405 2406/2406 2407/2407
f 2408/2408 2405/2405 2407/2407
f 2409/2409 2410/2410 2411/2411
f 2412/2412 2409/2409 2411/2411
f 2413/2413 2414/2414 2415/2415
f 2416/2416 2413/2413 2415/2415
f 2417/2417 2418/2418 2419/2419
f 2420/2420 2417/2417 2419/2419
f 2421/2421 2422/2422 2423/2423
f 2424/2424 2421/2421 2423/2423
f 2425/2425 2426/2426 2427/2427
f 2428/2428 2425/2425 2427/2427
f 2429/2429 2430/2430 2431/2431
f 2432/2432 2429/2429 2431/2431
f 2433/2433 2434/2434 2435/2435
f 2436/2436 2433/2433 2435/2435
f 2437/2437 2438/2438 2439/2439
f 2440/2440 2437/2437 2439/2439
f 2441/2441 2442/2442 2443/2443
f 2444/2444 2441/2441 2443/2443
f 2445/2445 2446/2446 2447/2447
f 2448/2448 2445/2445 2447/2447
f 2449/2449 2450/2450 2451/2451
f 2452/2452 2449/2449 2451/2451
f 2453/2453 2454/2454 2455/2455
f 2456/2456 2453/2453 2455/2455
f 2457/2457 2458/2458 2459/2459
f 2460/2460 2457/2457 2459/2459
f 2461/2461 2462/2462 2463/2463
f 2464/2464 2461/2461 2463/2463
f 2465/2465 2466/2466 2467/2467
f 2468/2468 2465/2465 2467/2467
f 2469/2469 2470/2470 2471/2471
f 2472/2472 2469/2469 2471/2471
f 2473/2473 2474/2474 2475/2475
f 2476/2476 2473/2473 2475/2475
f 2477/2477 2478/2478 2479/2479
f 2480/2480 2477/2477 2479/2479
f 2481/2481 2482/2482 2483/2483
f 2484/2484 2481/2481 2483/2483
f 2485/2485 2486/2486 2487/2487
f 2488/2488 2485/2485 2487/2487
f 2489/2489 2490/2490 2491/2491
f 2492/2492 2489/2489 2491/2491
f 2492/2492 2491/2491 2493/2493
f 2494/2494 2492/2492 2493/2493
f 2494/2494 2493/2493 2495/2495
f 2496/2496 2494/2494 2495/2495
f 2496/2496 2495/2495 2497/2497
f 2498/2498 2496/2496 2497/2497
f 2498/2498 2497/2497 2499/2499
f 2500/2500 2498/2498 2499/2499
f 2500/2500 2499/2499 2501/2501
f 2502/2502 2500/2500 2501/2501
f 2502/2502 2501/2501 2503/2503
f 2504/2504 2502/2502 2503/2503
f 2504/2504 2503/2503 2505/2505
f 2506/2506 2504/2504 2505/2505
f 2506/2506 2505/2505 2507/2507
f 2508/2508 2506/2506 2507/2507
f 2508/2508 2507/2507 2509/2509
f 2510/2510 2508/2508 2509/2509
f 2510/2510 2509/2509 2511/2511
f 2512/2512 2510/2510 2511/2511
f 2512/2512 2511/2511 2513/2513
f 2514/2514 2512/2512 2513/2513
f 2514/2514 2513/2513 2515/2515
f 2516/2516 2514/2514 2515/2515
f 2516/2516 2515/2515 2517/2517
f 2518/2518 2516/2516 2517/2517
f 2518/2518 2517/2517 2519/2519
f 2520/2520 2518/2518 2519/2519
f 2521/2521 2522/2522 2523/2523
f 2521/2521 2523/2523 2524/2524
f 2525/2525 2526/2526 2527/2527
f 2525/2525 2527/2527 2528/2528
f 2529/2529 2530/2530 2531/2531
f 2532/2532 2529/2529 2531/2531
f 2533/2533 2534/2534 2535/2535
f 2536/2536 2533/2533 2535/2535
f 2537/2537 2538/2538 2539/2539
f 2540/2540 2537/2537 2539/2539
f 2541/2541 2542/2542 2543/2543
f 2541/2541 2543/2543 2544/2544
f 2545/2545 2546/2546 2547/2547
f 2548/2548 2545/2545 2547/2547
f 2549/2549 2550/2550 2551/2551
f 2552/2552 2549/2549 2551/2551
f 2553/2553 2554/2554 2555/2555
f 2553/2553 2555/2555 2556/2556
f 2557/2557 2558/2558 2559/2559
f 2560/2560 2557/2557 2559/2559
f 2561/2561 2562/2562 2563/2563
f 2564/2564 2561/2561 2563/2563
f 2565/2565 2566/2566 2567/2567
f 2565/2565 2567/2567 2568/2568
f 2569/2569 2570/2570 2571/2571
f 2572/2572 2569/2569 2571/2571
f 2573/2573 2574/2574 2575/2575
f 2573/2573 2575/2575 2576/2576
f 2577/2577 2578/2578 2579/2579
f 2577/2577 2579/2579 2580/2580
f 2581/2581 2582/2582 2583/2583
f 2584/2584 2581/2581 2583/2583
f 2585/2585 2586/2586 2587/2587
f 2585/2585 2587/2587 2588/2588
f 2589/2589 2590/2590 2591/2591
f 2589/2589 2591/2591 2592/2592
f 2593/2593 2594/2594 2595/2595
f 2596/2596 2593/2593 2595/2595
f 2597/2597 2598/2598 2599/2599
f 2597/2597 2599/2599 2600/2600
f 2601/2601 2602/2602 2603/2603
f 2601/2601 2603/2603 2604/2604
f 2605/2605 2606/2606 2607/2607
f 2605/2605 2607/2607 2608/2608
f 2609/2609 2610/2610 2611/2611
f 2612/2612 2609/2609 2611/2611
f 2613/2613 2614/2614 2615/2615
f 2613/2613 2615/2615 2616/2616
f 2617/2617 2618/2618 2619/2619
f 2620/2620 2617/2617 2619/2619
f 2621/2621 2622/2622 2623/2623
f 2624/2624 2621/2621 2623/2623
f 2625/2625 2626/2626 2627/2627
f 2628/2628 2625/2625 2627/2627
f 2629/2629 2630/2630 2631/2631
f 2632/2632 2629/2629 2631/2631
f 2633/2633 2634/2634 2635/2635
f 2633/2633 2635/2635 2636/2636
f 2637/2637 2638/2638 2639/2639
f 2637/2637 2639/2639 2640/2640
f 2641/2641 2642/2642 2643/2643
f 2641/2641 2643/2643 2644/2644
f 2645/2645 2646/2646 2647/2647
f 2645/2645 2647/2647 2648/2648
f 2649/2649 2650/2650 2651/2651
f 2652/2652 2649/2649 2651/2651
f 2653/2653 2654/2654 2655/2655
f 2653/2653 2655/2655 2656/2656
f 2657/2657 2658/2658 2659/2659
f 2657/2657 2659/2659 2660/2660
f 2661/2661 2662/2662 2663/2663
f 2664/2664 2661/2661 2663/2663
f 2665/2665 2666/2666 2667/2667
f 2665/2665 2667/2667 2668/2668
f 2669/2669 2670/2670 2671/2671
f 2669/2669 2671/2671 2672/2672
f 2673/2673 2674/2674 2675/2675
f 2676/2676 2673/2673 2675/2675
f 2677/2677 2678/2678 2679/2679
f 2680/2680 2677/2677 2679/2679
f 2681/2681 2682/2682 2683/2683
f 2681/2681 2683/2683 2684/2684
f 2685/2685 2686/2686 2687/2687
f 2688/2688 2685/2685 2687/2687
f 2689/2689 2690/2690 2691/2691
f 2692/2692 2689/2689 2691/2691
f 2693/2693 2694/2694 2695/2695
f 2693/2693 2695/2695 2696/2696
f 2697/2697 2698/2698 2699/2699
f 2700/2700 2697/2697 2699/2699
f 2701/2701 2702/2702 2703/2703
f 2704/2704 2701/2701 2703/2703
f 2705/2705 2706/2706 2707/2707
f 2705/2705 2707/2707 2708/2708
f 2709/2709 2710/2710 2711/2711
f 2712/2712 2709/2709 2711/2711
f 2713/2713 2714/2714 2715/2715
f 2713/2713 2715/2715 2716/2716
f 2717/2717 2718/2718 2719/2719
f 2720/2720 2717/2717 2719/2719
f 2721/2721 2722/2722 2723/2723
f 2721/2721 2723/2723 2724/2724
f 2725/2725 2726/2726 2727/2727
f 2728/2728 2725/2725 2727/2727
f 2729/2729 2730/2730 2731/2731
f 2729/2729 2731/2731 2732/2732
f 2733/2733 2734/2734 2735/2735
f 2736/2736 2733/2733 2735/2735
f 2737/2737 2738/2738 2739/2739
f 2737/2737 2739/2739 2740/2740
f 2741/2741 2742/2742 2743/2743
f 2744/2744 2741/2741 2743/2743
f 2745/2745 2746/2746 2747/2747
f 2745/2745 2747/2747 2748/2748
f 2749/2749 2750/2750 2751/2751
f 2752/2752 2749/2749 2751/2751
f 2753/2753 2754/2754 2755/2755
f 2753/2753 2755/2755 2756/2756
f 2757/2757 2758/2758 2759/2759
f 2760/2760 2757/2757 2759/2759
f 2761/2761 2762/2762 2763/2763
f 2761/2761 2763/2763 2764/2764
f 2765/2765 2766/2766 2767/2767
f 2768/2768 2765/2765 2767/2767
f 2769/2769 2770/2770 2771/2771
f 2769/2769 2771/2771 2772/2772
f 2773/2773 2774/2774 2775/2775
f 2776/2776 2773/2773 2775/2775
f 2777/2777 2778/2778 2779/2779
f 2780/2780 2777/2777 2779/2779
f 2781/2781 2782/2782 2783/2783
f 2781/2781 2783/2783 2784/2784
f 2785/2785 2786/2786 2787/2787
f 2785/2785 2787/2787 2788/2788
f 2789/2789 2790/2790 2791/2791
f 2789/2789 2791/2791 2792/2792
f 2793/2793 2794/2794 2795/2795
f 2793/2793 2795/2795 2796/2796
f 2797/2797 2798/2798 2799/2799
f 2797/2797 2799/2799 2800/2800
f 2801/2801 2802/2802 2803/2803
f 2801/2801 2803/2803 2804/2804
f 2805/2805 2806/2806 2807/2807
f 2805/2805 2807/2807 2808/2808
f 2809/2809 2810/2810 2811/2811
f 2809/2809 2811/2811 2812/2812
f 2813/2813 2814/2814 2815/2815
f 2813/2813 2815/2815 2816/2816
f 2817/2817 2818/2818 2819/2819
f 2817/2817 2819/2819 2820/2820
f 2821/2821 2822/2822 2823/2823
f 2821/2821 2823/2823 2824/2824
f 2825/2825 2826/2826 2827/2827
f 2825/2825 2827/2827 2828/2828
f 2829/2829 2830/2830 2831/2831
f 2832/2832 2829/2829 2831/2831
f 2833/2833 2834/2834 2835/2835
f 2836/2836 2833/2833 2835/2835
f 2837/2837 2838/2838 2839/2839
f 2837/2837 2839/2839 2840/2840
f 2841/2841 2842/2842 2843/2843
f 2841/2841 2843/2843 2844/2844
f 2845/2845 2846/2846 2847/2847
f 2848/2848 2845/2845 2847/2847
f 2849/2849 2850/2850 2851/2851
f 2852/2852 2849/2849 2851/2851
f 2853/2853 2854/2854 2855/2855
f 2856/2856 2853/2853 2855/2855
f 2857/2857 2858/2858 2859/2859
f 2860/2860 2857/2857 2859/2859
f 2861/2861 2862/2862 2863/2863
f 2864/2864 2861/2861 2863/2863
f 2865/2865 2866/2866 2867/2867
f 2868/2868 2865/2865 2867/2867
f 2869/2869 2870/2870 2871/2871
f 2872/2872 2869/2869 2871/2871
f 2873/2873 2874/2874 2875/2875
f 2876/2876 2873/2873 2875/2875
f 2877/2877 2878/2878 2879/2879
f 2880/2880 2877/2877 2879/2879
f 2881/2881 2882/2882 2883/2883
f 2884/2884 2881/2881 2883/2883
f 2885/2885 2886/2886 2887/2887
f 2888/2888 2885/2885 2887/2887
f 2889/2889 2890/2890 2891/2891
f 2892/2892 2889/2889 2891/2891
f 2893/2893 2894/2894 2895/2895
f 2893/2893 2895/2895 2896/2896
f 2897/2897 2898/2898 2899/2899
f 2897/2897 2899/2899 2900/2900
f 2901/2901 2902/2902 2903/2903
f 2904/2904 2901/2901 2903/2903
f 2905/2905 2906/2906 2907/2907
f 2905/2905 2907/2907 2908/2908
f 2909/2909 2910/2910 2911/2911
f 2909/2909 2911/2911 2912/2912
f 2913/2913 2914/2914 2915/2915
f 2913/2913 2915/2915 2916/2916
f 2917/2917 2918/2918 2919/2919
f 2917/2917 2919/2919 2920/2920
f 2921/2921 2922/2922 2923/2923
f 2921/2921 2923/2923 2924/2924
f 2925/2925 2926/2926 2927/2927
f 2925/2925 2927/2927 2928/2928
f 2929/2929 2930/2930 2931/2931
f 2929/2929 2931/2931 2932/2932
f 2933/2933 2934/2934 2935/2935
f 2936/2936 2933/2933 2935/2935
f 2937/2937 2938/2938 2939/2939
f 2937/2937 2939/2939 2940/2940
f 2941/2941 2942/2942 2943/2943
f 2941/2941 2943/2943 2944/2944
f 2945/2945 2946/2946 2947/2947
f 2945/2945 2947/2947 2948/2948
f 2949/2949 2950/2950 2951/2951
f 2952/2952 2949/2949 2951/2951
f 2953/2953 2954/2954 2955/2955
f 2953/2953 2955/2955 2956/2956
f 2957/2957 2958/2958 2959/2959
f 2957/2957 2959/2959 2960/2960
f 2961/2961 2962/2962 2963/2963
f 2961/2961 2963/2963 2964/2964
f 2965/2965 2966/2966 2967/2967
f 2968/2968 2965/2965 2967/2967
f 2969/2969 2970/2970 2971/2971
f 2969/2969 2971/2971 2972/2972
f 2973/2973 2974/2974 2975/2975
f 2973/2973 2975/2975 2976/2976
f 2977/2977 2978/2978 2979/2979
f 2977/2977 2979/2979 2980/2980
f 2981/2981 2982/2982 2983/2983
f 2981/2981 2983/2983 2984/2984
f 2985/2985 2986/2986 2987/2987
f 2985/2985 2987/2987 2988/2988
f 2989/2989 2990/2990 2991/2991
f 2989/2989 2991/2991 2992/2992
f 2993/2993 2994/2994 2995/2995
f 2993/2993 2995/2995 2996/2996
f 2997/2997 2998/2998 2999/2999
f 2997/2997 2999/2999 3000/3000
f 3001/3001 3002/3002 3003/3003
f 3001/3001 3003/3003 3004/3004
v 0.0000 0.6350 0.2499
vt 0.5000 0.5
v 0.0131 0.6392 0.2586
vt 0.5000 0.5
v -0.0050 0.6406 0.2643
vt 0.5000 0.5
v 0.0465 0.6774 0.2745
vt 0.5000 0.5
v 0.0392 0.6630 0.2724
vt 0.5000 0.5
v 0.0522 0.6705 0.2609
vt 0.5000 0.5
v 0.0000 0.6350 0.2499
vt 0.5000 0.5
v -0.0050 0.6406 0.2643
vt 0.5000 0.5
v -0.0161 0.6370 0.2494
vt 0.5000 0.5
v 0.0000 0.6350 0.2499
vt 0.5000 0.5
v -0.0161 0.6370 0.2494
vt 0.5000 0.5
v -0.0050 0.6335 0.2344
vt 0.5000 0.5
v 0.0000 0.6350 0.2499
vt 0.5000 0.5
v -0.0050 0.6335 0.2344
vt 0.5000 0.5
v 0.0131 0.6348 0.2402
vt 0.5000 0.5
v 0.0465 0.6774 0.2745
vt 0.5000 0.5
v 0.0522 0.6705 0.2609
vt 0.5000 0.5
v 0.0553 0.6884 0.2664
vt 0.5000 0.5
v -0.0178 0.6822 0.2948
vt 0.5000 0.5
v -0.0019 0.6790 0.2965
vt 0.5000 0.5
v -0.0100 0.6960 0.2984
vt 0.5000 0.5
v -0.0575 0.6696 0.2416
vt 0.5000 0.5
v -0.0534 0.6697 0.2574
vt 0.5000 0.5
v -0.0615 0.6840 0.2479
vt 0.5000 0.5
v -0.0178 0.6569 0.1885
vt 0.5000 0.5
v -0.0311 0.6555 0.1977
vt 0.5000 0.5
v -0.0280 0.6690 0.1847
vt 0.5000 0.5
v 0.0465 0.6617 0.2088
vt 0.5000 0.5
v 0.0342 0.6560 0.1998
vt 0.5000 0.5
v 0.0441 0.6717 0.1961
vt 0.5000 0.5
v 0.0465 0.6774 0.2745
vt 0.5000 0.5
v 0.0553 0.6884 0.2664
vt 0.5000 0.5
v 0.0441 0.6920 0.2813
vt 0.5000 0.5
v -0.0178 0.6822 0.2948
vt 0.5000 0.5
v -0.0100 0.6960 0.2984
vt 0.5000 0.5
v -0.0280 0.6947 0.2927
vt 0.5000 0.5
v -0.0575 0.6696 0.2416
vt 0.5000 0.5
v -0.0615 0.6840 0.2479
vt 0.5000 0.5
v -0.0615 0.6796 0.2295
vt 0.5000 0.5
v -0.0178 0.6569 0.1885
vt 0.5000 0.5
v -0.0280 0.6690 0.1847
vt 0.5000 0.5
v -0.0100 0.6676 0.1790
vt 0.5000 0.5
v 0.0465 0.6617 0.2088
vt 0.5000 0.5
v 0.0441 0.6717 0.1961
vt 0.5000 0.5
v 0.0553 0.6752 0.2110
vt 0.5000 0.5
v 0.0178 0.7381 0.2815
vt 0.5000 0.5
v 0.0311 0.7396 0.2723
vt 0.5000 0.5
v 0.0150 0.7493 0.2700
vt 0.5000 0.5
v -0.0465 0.7333 0.2612
vt 0.5000 0.5
v -0.0342 0.7390 0.2701
vt 0.5000 0.5
v -0.0392 0.7452 0.2529
vt 0.5000 0.5
v -0.0465 0.7176 0.1955
vt 0.5000 0.5
v -0.0522 0.7245 0.2091
vt 0.5000 0.5
v -0.0392 0.7320 0.1975
vt 0.5000 0.5
v 0.0178 0.7128 0.1752
vt 0.5000 0.5
v 0.0019 0.7160 0.1735
vt 0.5000 0.5
v 0.0150 0.7279 0.1804
vt 0.5000 0.5
v 0.0575 0.7255 0.2283
vt 0.5000 0.5
v 0.0534 0.7253 0.2126
vt 0.5000 0.5
v 0.0484 0.7386 0.2252
vt 0.5000 0.5
v 0.0161 0.7580 0.2206
vt 0.5000 0.5
v 0.0050 0.7545 0.2056
vt 0.5000 0.5
v 0.0000 0.7600 0.2201
vt 0.5000 0.5
v 0.0338 0.7507 0.2223
vt 0.5000 0.5
v 0.0232 0.7495 0.2052
vt 0.5000 0.5
v 0.0161 0.7580 0.2206
vt 0.5000 0.5
v 0.0484 0.7386 0.2252
vt 0.5000 0.5
v 0.0410 0.7388 0.2078
vt 0.5000 0.5
v 0.0338 0.7507 0.2223
vt 0.5000 0.5
v 0.0161 0.7580 0.2206
vt 0.5000 0.5
v 0.0232 0.7495 0.2052
vt 0.5000 0.5
v 0.0050 0.7545 0.2056
vt 0.5000 0.5
v 0.0232 0.7495 0.2052
vt 0.5000 0.5
v 0.0104 0.7432 0.1911
vt 0.5000 0.5
v 0.0050 0.7545 0.2056
vt 0.5000 0.5
v 0.0338 0.7507 0.2223
vt 0.5000 0.5
v 0.0410 0.7388 0.2078
vt 0.5000 0.5
v 0.0232 0.7495 0.2052
vt 0.5000 0.5
v 0.0410 0.7388 0.2078
vt 0.5000 0.5
v 0.0287 0.7349 0.1914
vt 0.5000 0.5
v 0.0232 0.7495 0.2052
vt 0.5000 0.5
v 0.0232 0.7495 0.2052
vt 0.5000 0.5
v 0.0287 0.7349 0.1914
vt 0.5000 0.5
v 0.0104 0.7432 0.1911
vt 0.5000 0.5
v 0.0287 0.7349 0.1914
vt 0.5000 0.5
v 0.0150 0.7279 0.1804
vt 0.5000 0.5
v 0.0104 0.7432 0.1911
vt 0.5000 0.5
v 0.0484 0.7386 0.2252
vt 0.5000 0.5
v 0.0534 0.7253 0.2126
vt 0.5000 0.5
v 0.0410 0.7388 0.2078
vt 0.5000 0.5
v 0.0534 0.7253 0.2126
vt 0.5000 0.5
v 0.0442 0.7229 0.1959
vt 0.5000 0.5
v 0.0410 0.7388 0.2078
vt 0.5000 0.5
v 0.0410 0.7388 0.2078
vt 0.5000 0.5
v 0.0442 0.7229 0.1959
vt 0.5000 0.5
v 0.0287 0.7349 0.1914
vt 0.5000 0.5
v 0.0442 0.7229 0.1959
vt 0.5000 0.5
v 0.0311 0.7182 0.1827
vt 0.5000 0.5
v 0.0287 0.7349 0.1914
vt 0.5000 0.5
v 0.0287 0.7349 0.1914
vt 0.5000 0.5
v 0.0311 0.7182 0.1827
vt 0.5000 0.5
v 0.0150 0.7279 0.1804
vt 0.5000 0.5
v 0.0311 0.7182 0.1827
vt 0.5000 0.5
v 0.0178 0.7128 0.1752
vt 0.5000 0.5
v 0.0150 0.7279 0.1804
vt 0.5000 0.5
v 0.0050 0.7545 0.2056
vt 0.5000 0.5
v -0.0131 0.7558 0.2113
vt 0.5000 0.5
v 0.0000 0.7600 0.2201
vt 0.5000 0.5
v 0.0104 0.7432 0.1911
vt 0.5000 0.5
v -0.0089 0.7471 0.1951
vt 0.5000 0.5
v 0.0050 0.7545 0.2056
vt 0.5000 0.5
v 0.0150 0.7279 0.1804
vt 0.5000 0.5
v -0.0034 0.7325 0.1812
vt 0.5000 0.5
v 0.0104 0.7432 0.1911
vt 0.5000 0.5
v 0.0050 0.7545 0.2056
vt 0.5000 0.5
v -0.0089 0.7471 0.1951
vt 0.5000 0.5
v -0.0131 0.7558 0.2113
vt 0.5000 0.5
v -0.0089 0.7471 0.1951
vt 0.5000 0.5
v -0.0273 0.7461 0.2030
vt 0.5000 0.5
v -0.0131 0.7558 0.2113
vt 0.5000 0.5
v 0.0104 0.7432 0.1911
vt 0.5000 0.5
v -0.0034 0.7325 0.1812
vt 0.5000 0.5
v -0.0089 0.7471 0.1951
vt 0.5000 0.5
v -0.0034 0.7325 0.1812
vt 0.5000 0.5
v -0.0232 0.7340 0.1875
vt 0.5000 0.5
v -0.0089 0.7471 0.1951
vt 0.5000 0.5
v -0.0089 0.7471 0.1951
vt 0.5000 0.5
v -0.0232 0.7340 0.1875
vt 0.5000 0.5
v -0.0273 0.7461 0.2030
vt 0.5000 0.5
v -0.0232 0.7340 0.1875
vt 0.5000 0.5
v -0.0392 0.7320 0.1975
vt 0.5000 0.5
v -0.0273 0.7461 0.2030
vt 0.5000 0.5
v 0.0150 0.7279 0.1804
vt 0.5000 0.5
v 0.0019 0.7160 0.1735
vt 0.5000 0.5
v -0.0034 0.7325 0.1812
vt 0.5000 0.5
v 0.0019 0.7160 0.1735
vt 0.5000 0.5
v -0.0169 0.7183 0.1766
vt 0.5000 0.5
v -0.0034 0.7325 0.1812
vt 0.5000 0.5
v -0.0034 0.7325 0.1812
vt 0.5000 0.5
v -0.0169 0.7183 0.1766
vt 0.5000 0.5
v -0.0232 0.7340 0.1875
vt 0.5000 0.5
v -0.0169 0.7183 0.1766
vt 0.5000 0.5
v -0.0342 0.7188 0.1849
vt 0.5000 0.5
v -0.0232 0.7340 0.1875
vt 0.5000 0.5
v -0.0232 0.7340 0.1875
vt 0.5000 0.5
v -0.0342 0.7188 0.1849
vt 0.5000 0.5
v -0.0392 0.7320 0.1975
vt 0.5000 0.5
v -0.0342 0.7188 0.1849
vt 0.5000 0.5
v -0.0465 0.7176 0.1955
vt 0.5000 0.5
v -0.0392 0.7320 0.1975
vt 0.5000 0.5
v -0.0131 0.7558 0.2113
vt 0.5000 0.5
v -0.0131 0.7602 0.2298
vt 0.5000 0.5
v 0.0000 0.7600 0.2201
vt 0.5000 0.5
v -0.0273 0.7461 0.2030
vt 0.5000 0.5
v -0.0287 0.7534 0.2217
vt 0.5000 0.5
v -0.0131 0.7558 0.2113
vt 0.5000 0.5
v -0.0392 0.7320 0.1975
vt 0.5000 0.5
v -0.0431 0.7403 0.2141
vt 0.5000 0.5
v -0.0273 0.7461 0.2030
vt 0.5000 0.5
v -0.0131 0.7558 0.2113
vt 0.5000 0.5
v -0.0287 0.7534 0.2217
vt 0.5000 0.5
v -0.0131 0.7602 0.2298
vt 0.5000 0.5
v -0.0287 0.7534 0.2217
vt 0.5000 0.5
v -0.0273 0.7553 0.2416
vt 0.5000 0.5
v -0.0131 0.7602 0.2298
vt 0.5000 0.5
v -0.0273 0.7461 0.2030
vt 0.5000 0.5
v -0.0431 0.7403 0.2141
vt 0.5000 0.5
v -0.0287 0.7534 0.2217
vt 0.5000 0.5
v -0.0431 0.7403 0.2141
vt 0.5000 0.5
v -0.0431 0.7452 0.2344
vt 0.5000 0.5
v -0.0287 0.7534 0.2217
vt 0.5000 0.5
v -0.0287 0.7534 0.2217
vt 0.5000 0.5
v -0.0431 0.7452 0.2344
vt 0.5000 0.5
v -0.0273 0.7553 0.2416
vt 0.5000 0.5
v -0.0431 0.7452 0.2344
vt 0.5000 0.5
v -0.0392 0.7452 0.2529
vt 0.5000 0.5
v -0.0273 0.7553 0.2416
vt 0.5000 0.5
v -0.0392 0.7320 0.1975
vt 0.5000 0.5
v -0.0522 0.7245 0.2091
vt 0.5000 0.5
v -0.0431 0.7403 0.2141
vt 0.5000 0.5
v -0.0522 0.7245 0.2091
vt 0.5000 0.5
v -0.0546 0.7304 0.2272
vt 0.5000 0.5
v -0.0431 0.7403 0.2141
vt 0.5000 0.5
v -0.0431 0.7403 0.2141
vt 0.5000 0.5
v -0.0546 0.7304 0.2272
vt 0.5000 0.5
v -0.0431 0.7452 0.2344
vt 0.5000 0.5
v -0.0546 0.7304 0.2272
vt 0.5000 0.5
v -0.0522 0.7333 0.2460
vt 0.5000 0.5
v -0.0431 0.7452 0.2344
vt 0.5000 0.5
v -0.0431 0.7452 0.2344
vt 0.5000 0.5
v -0.0522 0.7333 0.2460
vt 0.5000 0.5
v -0.0392 0.7452 0.2529
vt 0.5000 0.5
v -0.0522 0.7333 0.2460
vt 0.5000 0.5
v -0.0465 0.7333 0.2612
vt 0.5000 0.5
v -0.0392 0.7452 0.2529
vt 0.5000 0.5
v -0.0131 0.7602 0.2298
vt 0.5000 0.5
v 0.0050 0.7616 0.2355
vt 0.5000 0.5
v 0.0000 0.7600 0.2201
vt 0.5000 0.5
v -0.0273 0.7553 0.2416
vt 0.5000 0.5
v -0.0089 0.7597 0.2482
vt 0.5000 0.5
v -0.0131 0.7602 0.2298
vt 0.5000 0.5
v -0.0392 0.7452 0.2529
vt 0.5000 0.5
v -0.0232 0.7515 0.2609
vt 0.5000 0.5
v -0.0273 0.7553 0.2416
vt 0.5000 0.5
v -0.0131 0.7602 0.2298
vt 0.5000 0.5
v -0.0089 0.7597 0.2482
vt 0.5000 0.5
v 0.0050 0.7616 0.2355
vt 0.5000 0.5
v -0.0089 0.7597 0.2482
vt 0.5000 0.5
v 0.0104 0.7581 0.2536
vt 0.5000 0.5
v 0.0050 0.7616 0.2355
vt 0.5000 0.5
v -0.0273 0.7553 0.2416
vt 0.5000 0.5
v -0.0232 0.7515 0.2609
vt 0.5000 0.5
v -0.0089 0.7597 0.2482
vt 0.5000 0.5
v -0.0232 0.7515 0.2609
vt 0.5000 0.5
v -0.0034 0.7530 0.2672
vt 0.5000 0.5
v -0.0089 0.7597 0.2482
vt 0.5000 0.5
v -0.0089 0.7597 0.2482
vt 0.5000 0.5
v -0.0034 0.7530 0.2672
vt 0.5000 0.5
v 0.0104 0.7581 0.2536
vt 0.5000 0.5
v -0.0034 0.7530 0.2672
vt 0.5000 0.5
v 0.0150 0.7493 0.2700
vt 0.5000 0.5
v 0.0104 0.7581 0.2536
vt 0.5000 0.5
v -0.0392 0.7452 0.2529
vt 0.5000 0.5
v -0.0342 0.7390 0.2701
vt 0.5000 0.5
v -0.0232 0.7515 0.2609
vt 0.5000 0.5
v -0.0342 0.7390 0.2701
vt 0.5000 0.5
v -0.0169 0.7424 0.2777
vt 0.5000 0.5
v -0.0232 0.7515 0.2609
vt 0.5000 0.5
v -0.0232 0.7515 0.2609
vt 0.5000 0.5
v -0.0169 0.7424 0.2777
vt 0.5000 0.5
v -0.0034 0.7530 0.2672
vt 0.5000 0.5
v -0.0169 0.7424 0.2777
vt 0.5000 0.5
v 0.0019 0.7418 0.2815
vt 0.5000 0.5
v -0.0034 0.7530 0.2672
vt 0.5000 0.5
v -0.0034 0.7530 0.2672
vt 0.5000 0.5
v 0.0019 0.7418 0.2815
vt 0.5000 0.5
v 0.0150 0.7493 0.2700
vt 0.5000 0.5
v 0.0019 0.7418 0.2815
vt 0.5000 0.5
v 0.0178 0.7381 0.2815
vt 0.5000 0.5
v 0.0150 0.7493 0.2700
vt 0.5000 0.5
v 0.0050 0.7616 0.2355
vt 0.5000 0.5
v 0.0161 0.7580 0.2206
vt 0.5000 0.5
v 0.0000 0.7600 0.2201
vt 0.5000 0.5
v 0.0104 0.7581 0.2536
vt 0.5000 0.5
v 0.0232 0.7573 0.2381
vt 0.5000 0.5
v 0.0050 0.7616 0.2355
vt 0.5000 0.5
v 0.0150 0.7493 0.2700
vt 0.5000 0.5
v 0.0287 0.7506 0.2571
vt 0.5000 0.5
v 0.0104 0.7581 0.2536
vt 0.5000 0.5
v 0.0050 0.7616 0.2355
vt 0.5000 0.5
v 0.0232 0.7573 0.2381
vt 0.5000 0.5
v 0.0161 0.7580 0.2206
vt 0.5000 0.5
v 0.0232 0.7573 0.2381
vt 0.5000 0.5
v 0.0338 0.7507 0.2223
vt 0.5000 0.5
v 0.0161 0.7580 0.2206
vt 0.5000 0.5
v 0.0104 0.7581 0.2536
vt 0.5000 0.5
v 0.0287 0.7506 0.2571
vt 0.5000 0.5
v 0.0232 0.7573 0.2381
vt 0.5000 0.5
v 0.0287 0.7506 0.2571
vt 0.5000 0.5
v 0.0410 0.7466 0.2406
vt 0.5000 0.5
v 0.0232 0.7573 0.2381
vt 0.5000 0.5
v 0.0232 0.7573 0.2381
vt 0.5000 0.5
v 0.0410 0.7466 0.2406
vt 0.5000 0.5
v 0.0338 0.7507 0.2223
vt 0.5000 0.5
v 0.0410 0.7466 0.2406
vt 0.5000 0.5
v 0.0484 0.7386 0.2252
vt 0.5000 0.5
v 0.0338 0.7507 0.2223
vt 0.5000 0.5
v 0.0150 0.7493 0.2700
vt 0.5000 0.5
v 0.0311 0.7396 0.2723
vt 0.5000 0.5
v 0.0287 0.7506 0.2571
vt 0.5000 0.5
v 0.0311 0.7396 0.2723
vt 0.5000 0.5
v 0.0442 0.7378 0.2584
vt 0.5000 0.5
v 0.0287 0.7506 0.2571
vt 0.5000 0.5
v 0.0287 0.7506 0.2571
vt 0.5000 0.5
v 0.0442 0.7378 0.2584
vt 0.5000 0.5
v 0.0410 0.7466 0.2406
vt 0.5000 0.5
v 0.0442 0.7378 0.2584
vt 0.5000 0.5
v 0.0534 0.7325 0.2424
vt 0.5000 0.5
v 0.0410 0.7466 0.2406
vt 0.5000 0.5
v 0.0410 0.7466 0.2406
vt 0.5000 0.5
v 0.0534 0.7325 0.2424
vt 0.5000 0.5
v 0.0484 0.7386 0.2252
vt 0.5000 0.5
v 0.0534 0.7325 0.2424
vt 0.5000 0.5
v 0.0575 0.7255 0.2283
vt 0.5000 0.5
v 0.0484 0.7386 0.2252
vt 0.5000 0.5
v 0.0615 0.7110 0.2220
vt 0.5000 0.5
v 0.0534 0.7253 0.2126
vt 0.5000 0.5
v 0.0575 0.7255 0.2283
vt 0.5000 0.5
v 0.0611 0.6929 0.2157
vt 0.5000 0.5
v 0.0554 0.7085 0.2043
vt 0.5000 0.5
v 0.0615 0.7110 0.2220
vt 0.5000 0.5
v 0.0553 0.6752 0.2110
vt 0.5000 0.5
v 0.0520 0.6888 0.1982
vt 0.5000 0.5
v 0.0611 0.6929 0.2157
vt 0.5000 0.5
v 0.0615 0.7110 0.2220
vt 0.5000 0.5
v 0.0554 0.7085 0.2043
vt 0.5000 0.5
v 0.0534 0.7253 0.2126
vt 0.5000 0.5
v 0.0554 0.7085 0.2043
vt 0.5000 0.5
v 0.0442 0.7229 0.1959
vt 0.5000 0.5
v 0.0534 0.7253 0.2126
vt 0.5000 0.5
v 0.0611 0.6929 0.2157
vt 0.5000 0.5
v 0.0520 0.6888 0.1982
vt 0.5000 0.5
v 0.0554 0.7085 0.2043
vt 0.5000 0.5
v 0.0520 0.6888 0.1982
vt 0.5000 0.5
v 0.0431 0.7045 0.1879
vt 0.5000 0.5
v 0.0554 0.7085 0.2043
vt 0.5000 0.5
v 0.0554 0.7085 0.2043
vt 0.5000 0.5
v 0.0431 0.7045 0.1879
vt 0.5000 0.5
v 0.0442 0.7229 0.1959
vt 0.5000 0.5
v 0.0431 0.7045 0.1879
vt 0.5000 0.5
v 0.0311 0.7182 0.1827
vt 0.5000 0.5
v 0.0442 0.7229 0.1959
vt 0.5000 0.5
v 0.0553 0.6752 0.2110
vt 0.5000 0.5
v 0.0441 0.6717 0.1961
vt 0.5000 0.5
v 0.0520 0.6888 0.1982
vt 0.5000 0.5
v 0.0441 0.6717 0.1961
vt 0.5000 0.5
v 0.0378 0.6855 0.1844
vt 0.5000 0.5
v 0.0520 0.6888 0.1982
vt 0.5000 0.5
v 0.0520 0.6888 0.1982
vt 0.5000 0.5
v 0.0378 0.6855 0.1844
vt 0.5000 0.5
v 0.0431 0.7045 0.1879
vt 0.5000 0.5
v 0.0378 0.6855 0.1844
vt 0.5000 0.5
v 0.0280 0.7003 0.1772
vt 0.5000 0.5
v 0.0431 0.7045 0.1879
vt 0.5000 0.5
v 0.0431 0.7045 0.1879
vt 0.5000 0.5
v 0.0280 0.7003 0.1772
vt 0.5000 0.5
v 0.0311 0.7182 0.1827
vt 0.5000 0.5
v 0.0280 0.7003 0.1772
vt 0.5000 0.5
v 0.0178 0.7128 0.1752
vt 0.5000 0.5
v 0.0311 0.7182 0.1827
vt 0.5000 0.5
v 0.0100 0.6990 0.1715
vt 0.5000 0.5
v 0.0019 0.7160 0.1735
vt 0.5000 0.5
v 0.0178 0.7128 0.1752
vt 0.5000 0.5
v 0.0000 0.6826 0.1725
vt 0.5000 0.5
v -0.0089 0.7006 0.1714
vt 0.5000 0.5
v 0.0100 0.6990 0.1715
vt 0.5000 0.5
v -0.0100 0.6676 0.1790
vt 0.5000 0.5
v -0.0199 0.6834 0.1755
vt 0.5000 0.5
v 0.0000 0.6826 0.1725
vt 0.5000 0.5
v 0.0100 0.6990 0.1715
vt 0.5000 0.5
v -0.0089 0.7006 0.1714
vt 0.5000 0.5
v 0.0019 0.7160 0.1735
vt 0.5000 0.5
v -0.0089 0.7006 0.1714
vt 0.5000 0.5
v -0.0169 0.7183 0.1766
vt 0.5000 0.5
v 0.0019 0.7160 0.1735
vt 0.5000 0.5
v 0.0000 0.6826 0.1725
vt 0.5000 0.5
v -0.0199 0.6834 0.1755
vt 0.5000 0.5
v -0.0089 0.7006 0.1714
vt 0.5000 0.5
v -0.0199 0.6834 0.1755
vt 0.5000 0.5
v -0.0287 0.7021 0.1777
vt 0.5000 0.5
v -0.0089 0.7006 0.1714
vt 0.5000 0.5
v -0.0089 0.7006 0.1714
vt 0.5000 0.5
v -0.0287 0.7021 0.1777
vt 0.5000 0.5
v -0.0169 0.7183 0.1766
vt 0.5000 0.5
v -0.0287 0.7021 0.1777
vt 0.5000 0.5
v -0.0342 0.7188 0.1849
vt 0.5000 0.5
v -0.0169 0.7183 0.1766
vt 0.5000 0.5
v -0.0100 0.6676 0.1790
vt 0.5000 0.5
v -0.0280 0.6690 0.1847
vt 0.5000 0.5
v -0.0199 0.6834 0.1755
vt 0.5000 0.5
v -0.0280 0.6690 0.1847
vt 0.5000 0.5
v -0.0378 0.6855 0.1844
vt 0.5000 0.5
v -0.0199 0.6834 0.1755
vt 0.5000 0.5
v -0.0199 0.6834 0.1755
vt 0.5000 0.5
v -0.0378 0.6855 0.1844
vt 0.5000 0.5
v -0.0287 0.7021 0.1777
vt 0.5000 0.5
v -0.0378 0.6855 0.1844
vt 0.5000 0.5
v -0.0441 0.7031 0.1886
vt 0.5000 0.5
v -0.0287 0.7021 0.1777
vt 0.5000 0.5
v -0.0287 0.7021 0.1777
vt 0.5000 0.5
v -0.0441 0.7031 0.1886
vt 0.5000 0.5
v -0.0342 0.7188 0.1849
vt 0.5000 0.5
v -0.0441 0.7031 0.1886
vt 0.5000 0.5
v -0.0465 0.7176 0.1955
vt 0.5000 0.5
v -0.0342 0.7188 0.1849
vt 0.5000 0.5
v -0.0553 0.7066 0.2036
vt 0.5000 0.5
v -0.0522 0.7245 0.2091
vt 0.5000 0.5
v -0.0465 0.7176 0.1955
vt 0.5000 0.5
v -0.0611 0.6929 0.2157
vt 0.5000 0.5
v -0.0609 0.7124 0.2207
vt 0.5000 0.5
v -0.0553 0.7066 0.2036
vt 0.5000 0.5
v -0.0615 0.6796 0.2295
vt 0.5000 0.5
v -0.0642 0.6975 0.2350
vt 0.5000 0.5
v -0.0611 0.6929 0.2157
vt 0.5000 0.5
v -0.0553 0.7066 0.2036
vt 0.5000 0.5
v -0.0609 0.7124 0.2207
vt 0.5000 0.5
v -0.0522 0.7245 0.2091
vt 0.5000 0.5
v -0.0609 0.7124 0.2207
vt 0.5000 0.5
v -0.0546 0.7304 0.2272
vt 0.5000 0.5
v -0.0522 0.7245 0.2091
vt 0.5000 0.5
v -0.0611 0.6929 0.2157
vt 0.5000 0.5
v -0.0642 0.6975 0.2350
vt 0.5000 0.5
v -0.0609 0.7124 0.2207
vt 0.5000 0.5
v -0.0642 0.6975 0.2350
vt 0.5000 0.5
v -0.0609 0.7172 0.2410
vt 0.5000 0.5
v -0.0609 0.7124 0.2207
vt 0.5000 0.5
v -0.0609 0.7124 0.2207
vt 0.5000 0.5
v -0.0609 0.7172 0.2410
vt 0.5000 0.5
v -0.0546 0.7304 0.2272
vt 0.5000 0.5
v -0.0609 0.7172 0.2410
vt 0.5000 0.5
v -0.0522 0.7333 0.2460
vt 0.5000 0.5
v -0.0546 0.7304 0.2272
vt 0.5000 0.5
v -0.0615 0.6796 0.2295
vt 0.5000 0.5
v -0.0615 0.6840 0.2479
vt 0.5000 0.5
v -0.0642 0.6975 0.2350
vt 0.5000 0.5
v -0.0615 0.6840 0.2479
vt 0.5000 0.5
v -0.0611 0.7021 0.2543
vt 0.5000 0.5
v -0.0642 0.6975 0.2350
vt 0.5000 0.5
v -0.0642 0.6975 0.2350
vt 0.5000 0.5
v -0.0611 0.7021 0.2543
vt 0.5000 0.5
v -0.0609 0.7172 0.2410
vt 0.5000 0.5
v -0.0611 0.7021 0.2543
vt 0.5000 0.5
v -0.0553 0.7198 0.2589
vt 0.5000 0.5
v -0.0609 0.7172 0.2410
vt 0.5000 0.5
v -0.0609 0.7172 0.2410
vt 0.5000 0.5
v -0.0553 0.7198 0.2589
vt 0.5000 0.5
v -0.0522 0.7333 0.2460
vt 0.5000 0.5
v -0.0553 0.7198 0.2589
vt 0.5000 0.5
v -0.0465 0.7333 0.2612
vt 0.5000 0.5
v -0.0522 0.7333 0.2460
vt 0.5000 0.5
v -0.0441 0.7233 0.2738
vt 0.5000 0.5
v -0.0342 0.7390 0.2701
vt 0.5000 0.5
v -0.0465 0.7333 0.2612
vt 0.5000 0.5
v -0.0378 0.7095 0.2855
vt 0.5000 0.5
v -0.0287 0.7274 0.2840
vt 0.5000 0.5
v -0.0441 0.7233 0.2738
vt 0.5000 0.5
v -0.0280 0.6947 0.2927
vt 0.5000 0.5
v -0.0199 0.7117 0.2944
vt 0.5000 0.5
v -0.0378 0.7095 0.2855
vt 0.5000 0.5
v -0.0441 0.7233 0.2738
vt 0.5000 0.5
v -0.0287 0.7274 0.2840
vt 0.5000 0.5
v -0.0342 0.7390 0.2701
vt 0.5000 0.5
v -0.0287 0.7274 0.2840
vt 0.5000 0.5
v -0.0169 0.7424 0.2777
vt 0.5000 0.5
v -0.0342 0.7390 0.2701
vt 0.5000 0.5
v -0.0378 0.7095 0.2855
vt 0.5000 0.5
v -0.0199 0.7117 0.2944
vt 0.5000 0.5
v -0.0287 0.7274 0.2840
vt 0.5000 0.5
v -0.0199 0.7117 0.2944
vt 0.5000 0.5
v -0.0089 0.7289 0.2903
vt 0.5000 0.5
v -0.0287 0.7274 0.2840
vt 0.5000 0.5
v -0.0287 0.7274 0.2840
vt 0.5000 0.5
v -0.0089 0.7289 0.2903
vt 0.5000 0.5
v -0.0169 0.7424 0.2777
vt 0.5000 0.5
v -0.0089 0.7289 0.2903
vt 0.5000 0.5
v 0.0019 0.7418 0.2815
vt 0.5000 0.5
v -0.0169 0.7424 0.2777
vt 0.5000 0.5
v -0.0280 0.6947 0.2927
vt 0.5000 0.5
v -0.0100 0.6960 0.2984
vt 0.5000 0.5
v -0.0199 0.7117 0.2944
vt 0.5000 0.5
v -0.0100 0.6960 0.2984
vt 0.5000 0.5
v 0.0000 0.7124 0.2975
vt 0.5000 0.5
v -0.0199 0.7117 0.2944
vt 0.5000 0.5
v -0.0199 0.7117 0.2944
vt 0.5000 0.5
v 0.0000 0.7124 0.2975
vt 0.5000 0.5
v -0.0089 0.7289 0.2903
vt 0.5000 0.5
v 0.0000 0.7124 0.2975
vt 0.5000 0.5
v 0.0100 0.7274 0.2909
vt 0.5000 0.5
v -0.0089 0.7289 0.2903
vt 0.5000 0.5
v -0.0089 0.7289 0.2903
vt 0.5000 0.5
v 0.0100 0.7274 0.2909
vt 0.5000 0.5
v 0.0019 0.7418 0.2815
vt 0.5000 0.5
v 0.0100 0.7274 0.2909
vt 0.5000 0.5
v 0.0178 0.7381 0.2815
vt 0.5000 0.5
v 0.0019 0.7418 0.2815
vt 0.5000 0.5
v 0.0280 0.7261 0.2852
vt 0.5000 0.5
v 0.0311 0.7396 0.2723
vt 0.5000 0.5
v 0.0178 0.7381 0.2815
vt 0.5000 0.5
v 0.0378 0.7095 0.2855
vt 0.5000 0.5
v 0.0431 0.7250 0.2739
vt 0.5000 0.5
v 0.0280 0.7261 0.2852
vt 0.5000 0.5
v 0.0441 0.6920 0.2813
vt 0.5000 0.5
v 0.0520 0.7063 0.2717
vt 0.5000 0.5
v 0.0378 0.7095 0.2855
vt 0.5000 0.5
v 0.0280 0.7261 0.2852
vt 0.5000 0.5
v 0.0431 0.7250 0.2739
vt 0.5000 0.5
v 0.0311 0.7396 0.2723
vt 0.5000 0.5
v 0.0431 0.7250 0.2739
vt 0.5000 0.5
v 0.0442 0.7378 0.2584
vt 0.5000 0.5
v 0.0311 0.7396 0.2723
vt 0.5000 0.5
v 0.0378 0.7095 0.2855
vt 0.5000 0.5
v 0.0520 0.7063 0.2717
vt 0.5000 0.5
v 0.0431 0.7250 0.2739
vt 0.5000 0.5
v 0.0520 0.7063 0.2717
vt 0.5000 0.5
v 0.0554 0.7211 0.2574
vt 0.5000 0.5
v 0.0431 0.7250 0.2739
vt 0.5000 0.5
v 0.0431 0.7250 0.2739
vt 0.5000 0.5
v 0.0554 0.7211 0.2574
vt 0.5000 0.5
v 0.0442 0.7378 0.2584
vt 0.5000 0.5
v 0.0554 0.7211 0.2574
vt 0.5000 0.5
v 0.0534 0.7325 0.2424
vt 0.5000 0.5
v 0.0442 0.7378 0.2584
vt 0.5000 0.5
v 0.0441 0.6920 0.2813
vt 0.5000 0.5
v 0.0553 0.6884 0.2664
vt 0.5000 0.5
v 0.0520 0.7063 0.2717
vt 0.5000 0.5
v 0.0553 0.6884 0.2664
vt 0.5000 0.5
v 0.0611 0.7021 0.2543
vt 0.5000 0.5
v 0.0520 0.7063 0.2717
vt 0.5000 0.5
v 0.0520 0.7063 0.2717
vt 0.5000 0.5
v 0.0611 0.7021 0.2543
vt 0.5000 0.5
v 0.0554 0.7211 0.2574
vt 0.5000 0.5
v 0.0611 0.7021 0.2543
vt 0.5000 0.5
v 0.0615 0.7154 0.2405
vt 0.5000 0.5
v 0.0554 0.7211 0.2574
vt 0.5000 0.5
v 0.0554 0.7211 0.2574
vt 0.5000 0.5
v 0.0615 0.7154 0.2405
vt 0.5000 0.5
v 0.0534 0.7325 0.2424
vt 0.5000 0.5
v 0.0615 0.7154 0.2405
vt 0.5000 0.5
v 0.0575 0.7255 0.2283
vt 0.5000 0.5
v 0.0534 0.7325 0.2424
vt 0.5000 0.5
v 0.0280 0.7003 0.1772
vt 0.5000 0.5
v 0.0100 0.6990 0.1715
vt 0.5000 0.5
v 0.0178 0.7128 0.1752
vt 0.5000 0.5
v 0.0378 0.6855 0.1844
vt 0.5000 0.5
v 0.0199 0.6834 0.1755
vt 0.5000 0.5
v 0.0280 0.7003 0.1772
vt 0.5000 0.5
v 0.0441 0.6717 0.1961
vt 0.5000 0.5
v 0.0287 0.6676 0.1859
vt 0.5000 0.5
v 0.0378 0.6855 0.1844
vt 0.5000 0.5
v 0.0280 0.7003 0.1772
vt 0.5000 0.5
v 0.0199 0.6834 0.1755
vt 0.5000 0.5
v 0.0100 0.6990 0.1715
vt 0.5000 0.5
v 0.0199 0.6834 0.1755
vt 0.5000 0.5
v 0.0000 0.6826 0.1725
vt 0.5000 0.5
v 0.0100 0.6990 0.1715
vt 0.5000 0.5
v 0.0378 0.6855 0.1844
vt 0.5000 0.5
v 0.0287 0.6676 0.1859
vt 0.5000 0.5
v 0.0199 0.6834 0.1755
vt 0.5000 0.5
v 0.0287 0.6676 0.1859
vt 0.5000 0.5
v 0.0089 0.6661 0.1796
vt 0.5000 0.5
v 0.0199 0.6834 0.1755
vt 0.5000 0.5
v 0.0199 0.6834 0.1755
vt 0.5000 0.5
v 0.0089 0.6661 0.1796
vt 0.5000 0.5
v 0.0000 0.6826 0.1725
vt 0.5000 0.5
v 0.0089 0.6661 0.1796
vt 0.5000 0.5
v -0.0100 0.6676 0.1790
vt 0.5000 0.5
v 0.0000 0.6826 0.1725
vt 0.5000 0.5
v 0.0441 0.6717 0.1961
vt 0.5000 0.5
v 0.0342 0.6560 0.1998
vt 0.5000 0.5
v 0.0287 0.6676 0.1859
vt 0.5000 0.5
v 0.0342 0.6560 0.1998
vt 0.5000 0.5
v 0.0169 0.6526 0.1922
vt 0.5000 0.5
v 0.0287 0.6676 0.1859
vt 0.5000 0.5
v 0.0287 0.6676 0.1859
vt 0.5000 0.5
v 0.0169 0.6526 0.1922
vt 0.5000 0.5
v 0.0089 0.6661 0.1796
vt 0.5000 0.5
v 0.0169 0.6526 0.1922
vt 0.5000 0.5
v -0.0019 0.6533 0.1884
vt 0.5000 0.5
v 0.0089 0.6661 0.1796
vt 0.5000 0.5
v 0.0089 0.6661 0.1796
vt 0.5000 0.5
v -0.0019 0.6533 0.1884
vt 0.5000 0.5
v -0.0100 0.6676 0.1790
vt 0.5000 0.5
v -0.0019 0.6533 0.1884
vt 0.5000 0.5
v -0.0178 0.6569 0.1885
vt 0.5000 0.5
v -0.0100 0.6676 0.1790
vt 0.5000 0.5
v -0.0441 0.7031 0.1886
vt 0.5000 0.5
v -0.0553 0.7066 0.2036
vt 0.5000 0.5
v -0.0465 0.7176 0.1955
vt 0.5000 0.5
v -0.0378 0.6855 0.1844
vt 0.5000 0.5
v -0.0520 0.6888 0.1982
vt 0.5000 0.5
v -0.0441 0.7031 0.1886
vt 0.5000 0.5
v -0.0280 0.6690 0.1847
vt 0.5000 0.5
v -0.0431 0.6700 0.1961
vt 0.5000 0.5
v -0.0378 0.6855 0.1844
vt 0.5000 0.5
v -0.0441 0.7031 0.1886
vt 0.5000 0.5
v -0.0520 0.6888 0.1982
vt 0.5000 0.5
v -0.0553 0.7066 0.2036
vt 0.5000 0.5
v -0.0520 0.6888 0.1982
vt 0.5000 0.5
v -0.0611 0.6929 0.2157
vt 0.5000 0.5
v -0.0553 0.7066 0.2036
vt 0.5000 0.5
v -0.0378 0.6855 0.1844
vt 0.5000 0.5
v -0.0431 0.6700 0.1961
vt 0.5000 0.5
v -0.0520 0.6888 0.1982
vt 0.5000 0.5
v -0.0431 0.6700 0.1961
vt 0.5000 0.5
v -0.0554 0.6739 0.2125
vt 0.5000 0.5
v -0.0520 0.6888 0.1982
vt 0.5000 0.5
v -0.0520 0.6888 0.1982
vt 0.5000 0.5
v -0.0554 0.6739 0.2125
vt 0.5000 0.5
v -0.0611 0.6929 0.2157
vt 0.5000 0.5
v -0.0554 0.6739 0.2125
vt 0.5000 0.5
v -0.0615 0.6796 0.2295
vt 0.5000 0.5
v -0.0611 0.6929 0.2157
vt 0.5000 0.5
v -0.0280 0.6690 0.1847
vt 0.5000 0.5
v -0.0311 0.6555 0.1977
vt 0.5000 0.5
v -0.0431 0.6700 0.1961
vt 0.5000 0.5
v -0.0311 0.6555 0.1977
vt 0.5000 0.5
v -0.0442 0.6572 0.2115
vt 0.5000 0.5
v -0.0431 0.6700 0.1961
vt 0.5000 0.5
v -0.0431 0.6700 0.1961
vt 0.5000 0.5
v -0.0442 0.6572 0.2115
vt 0.5000 0.5
v -0.0554 0.6739 0.2125
vt 0.5000 0.5
v -0.0442 0.6572 0.2115
vt 0.5000 0.5
v -0.0534 0.6626 0.2275
vt 0.5000 0.5
v -0.0554 0.6739 0.2125
vt 0.5000 0.5
v -0.0554 0.6739 0.2125
vt 0.5000 0.5
v -0.0534 0.6626 0.2275
vt 0.5000 0.5
v -0.0615 0.6796 0.2295
vt 0.5000 0.5
v -0.0534 0.6626 0.2275
vt 0.5000 0.5
v -0.0575 0.6696 0.2416
vt 0.5000 0.5
v -0.0615 0.6796 0.2295
vt 0.5000 0.5
v -0.0553 0.7198 0.2589
vt 0.5000 0.5
v -0.0441 0.7233 0.2738
vt 0.5000 0.5
v -0.0465 0.7333 0.2612
vt 0.5000 0.5
v -0.0611 0.7021 0.2543
vt 0.5000 0.5
v -0.0520 0.7063 0.2717
vt 0.5000 0.5
v -0.0553 0.7198 0.2589
vt 0.5000 0.5
v -0.0615 0.6840 0.2479
vt 0.5000 0.5
v -0.0554 0.6866 0.2657
vt 0.5000 0.5
v -0.0611 0.7021 0.2543
vt 0.5000 0.5
v -0.0553 0.7198 0.2589
vt 0.5000 0.5
v -0.0520 0.7063 0.2717
vt 0.5000 0.5
v -0.0441 0.7233 0.2738
vt 0.5000 0.5
v -0.0520 0.7063 0.2717
vt 0.5000 0.5
v -0.0378 0.7095 0.2855
vt 0.5000 0.5
v -0.0441 0.7233 0.2738
vt 0.5000 0.5
v -0.0611 0.7021 0.2543
vt 0.5000 0.5
v -0.0554 0.6866 0.2657
vt 0.5000 0.5
v -0.0520 0.7063 0.2717
vt 0.5000 0.5
v -0.0554 0.6866 0.2657
vt 0.5000 0.5
v -0.0431 0.6905 0.2821
vt 0.5000 0.5
v -0.0520 0.7063 0.2717
vt 0.5000 0.5
v -0.0520 0.7063 0.2717
vt 0.5000 0.5
v -0.0431 0.6905 0.2821
vt 0.5000 0.5
v -0.0378 0.7095 0.2855
vt 0.5000 0.5
v -0.0431 0.6905 0.2821
vt 0.5000 0.5
v -0.0280 0.6947 0.2927
vt 0.5000 0.5
v -0.0378 0.7095 0.2855
vt 0.5000 0.5
v -0.0615 0.6840 0.2479
vt 0.5000 0.5
v -0.0534 0.6697 0.2574
vt 0.5000 0.5
v -0.0554 0.6866 0.2657
vt 0.5000 0.5
v -0.0534 0.6697 0.2574
vt 0.5000 0.5
v -0.0442 0.6721 0.2740
vt 0.5000 0.5
v -0.0554 0.6866 0.2657
vt 0.5000 0.5
v -0.0554 0.6866 0.2657
vt 0.5000 0.5
v -0.0442 0.6721 0.2740
vt 0.5000 0.5
v -0.0431 0.6905 0.2821
vt 0.5000 0.5
v -0.0442 0.6721 0.2740
vt 0.5000 0.5
v -0.0311 0.6768 0.2872
vt 0.5000 0.5
v -0.0431 0.6905 0.2821
vt 0.5000 0.5
v -0.0431 0.6905 0.2821
vt 0.5000 0.5
v -0.0311 0.6768 0.2872
vt 0.5000 0.5
v -0.0280 0.6947 0.2927
vt 0.5000 0.5
v -0.0311 0.6768 0.2872
vt 0.5000 0.5
v -0.0178 0.6822 0.2948
vt 0.5000 0.5
v -0.0280 0.6947 0.2927
vt 0.5000 0.5
v 0.0100 0.7274 0.2909
vt 0.5000 0.5
v 0.0280 0.7261 0.2852
vt 0.5000 0.5
v 0.0178 0.7381 0.2815
vt 0.5000 0.5
v 0.0000 0.7124 0.2975
vt 0.5000 0.5
v 0.0199 0.7117 0.2944
vt 0.5000 0.5
v 0.0100 0.7274 0.2909
vt 0.5000 0.5
v -0.0100 0.6960 0.2984
vt 0.5000 0.5
v 0.0089 0.6944 0.2985
vt 0.5000 0.5
v 0.0000 0.7124 0.2975
vt 0.5000 0.5
v 0.0100 0.7274 0.2909
vt 0.5000 0.5
v 0.0199 0.7117 0.2944
vt 0.5000 0.5
v 0.0280 0.7261 0.2852
vt 0.5000 0.5
v 0.0199 0.7117 0.2944
vt 0.5000 0.5
v 0.0378 0.7095 0.2855
vt 0.5000 0.5
v 0.0280 0.7261 0.2852
vt 0.5000 0.5
v 0.0000 0.7124 0.2975
vt 0.5000 0.5
v 0.0089 0.6944 0.2985
vt 0.5000 0.5
v 0.0199 0.7117 0.2944
vt 0.5000 0.5
v 0.0089 0.6944 0.2985
vt 0.5000 0.5
v 0.0287 0.6929 0.2923
vt 0.5000 0.5
v 0.0199 0.7117 0.2944
vt 0.5000 0.5
v 0.0199 0.7117 0.2944
vt 0.5000 0.5
v 0.0287 0.6929 0.2923
vt 0.5000 0.5
v 0.0378 0.7095 0.2855
vt 0.5000 0.5
v 0.0287 0.6929 0.2923
vt 0.5000 0.5
v 0.0441 0.6920 0.2813
vt 0.5000 0.5
v 0.0378 0.7095 0.2855
vt 0.5000 0.5
v -0.0100 0.6960 0.2984
vt 0.5000 0.5
v -0.0019 0.6790 0.2965
vt 0.5000 0.5
v 0.0089 0.6944 0.2985
vt 0.5000 0.5
v -0.0019 0.6790 0.2965
vt 0.5000 0.5
v 0.0169 0.6767 0.2934
vt 0.5000 0.5
v 0.0089 0.6944 0.2985
vt 0.5000 0.5
v 0.0089 0.6944 0.2985
vt 0.5000 0.5
v 0.0169 0.6767 0.2934
vt 0.5000 0.5
v 0.0287 0.6929 0.2923
vt 0.5000 0.5
v 0.0169 0.6767 0.2934
vt 0.5000 0.5
v 0.0342 0.6763 0.2851
vt 0.5000 0.5
v 0.0287 0.6929 0.2923
vt 0.5000 0.5
v 0.0287 0.6929 0.2923
vt 0.5000 0.5
v 0.0342 0.6763 0.2851
vt 0.5000 0.5
v 0.0441 0.6920 0.2813
vt 0.5000 0.5
v 0.0342 0.6763 0.2851
vt 0.5000 0.5
v 0.0465 0.6774 0.2745
vt 0.5000 0.5
v 0.0441 0.6920 0.2813
vt 0.5000 0.5
v 0.0615 0.7154 0.2405
vt 0.5000 0.5
v 0.0615 0.7110 0.2220
vt 0.5000 0.5
v 0.0575 0.7255 0.2283
vt 0.5000 0.5
v 0.0611 0.7021 0.2543
vt 0.5000 0.5
v 0.0642 0.6975 0.2350
vt 0.5000 0.5
v 0.0615 0.7154 0.2405
vt 0.5000 0.5
v 0.0553 0.6884 0.2664
vt 0.5000 0.5
v 0.0609 0.6827 0.2492
vt 0.5000 0.5
v 0.0611 0.7021 0.2543
vt 0.5000 0.5
v 0.0615 0.7154 0.2405
vt 0.5000 0.5
v 0.0642 0.6975 0.2350
vt 0.5000 0.5
v 0.0615 0.7110 0.2220
vt 0.5000 0.5
v 0.0642 0.6975 0.2350
vt 0.5000 0.5
v 0.0611 0.6929 0.2157
vt 0.5000 0.5
v 0.0615 0.7110 0.2220
vt 0.5000 0.5
v 0.0611 0.7021 0.2543
vt 0.5000 0.5
v 0.0609 0.6827 0.2492
vt 0.5000 0.5
v 0.0642 0.6975 0.2350
vt 0.5000 0.5
v 0.0609 0.6827 0.2492
vt 0.5000 0.5
v 0.0609 0.6778 0.2289
vt 0.5000 0.5
v 0.0642 0.6975 0.2350
vt 0.5000 0.5
v 0.0642 0.6975 0.2350
vt 0.5000 0.5
v 0.0609 0.6778 0.2289
vt 0.5000 0.5
v 0.0611 0.6929 0.2157
vt 0.5000 0.5
v 0.0609 0.6778 0.2289
vt 0.5000 0.5
v 0.0553 0.6752 0.2110
vt 0.5000 0.5
v 0.0611 0.6929 0.2157
vt 0.5000 0.5
v 0.0553 0.6884 0.2664
vt 0.5000 0.5
v 0.0522 0.6705 0.2609
vt 0.5000 0.5
v 0.0609 0.6827 0.2492
vt 0.5000 0.5
v 0.0522 0.6705 0.2609
vt 0.5000 0.5
v 0.0546 0.6647 0.2428
vt 0.5000 0.5
v 0.0609 0.6827 0.2492
vt 0.5000 0.5
v 0.0609 0.6827 0.2492
vt 0.5000 0.5
v 0.0546 0.6647 0.2428
vt 0.5000 0.5
v 0.0609 0.6778 0.2289
vt 0.5000 0.5
v 0.0546 0.6647 0.2428
vt 0.5000 0.5
v 0.0522 0.6617 0.2240
vt 0.5000 0.5
v 0.0609 0.6778 0.2289
vt 0.5000 0.5
v 0.0609 0.6778 0.2289
vt 0.5000 0.5
v 0.0522 0.6617 0.2240
vt 0.5000 0.5
v 0.0553 0.6752 0.2110
vt 0.5000 0.5
v 0.0522 0.6617 0.2240
vt 0.5000 0.5
v 0.0465 0.6617 0.2088
vt 0.5000 0.5
v 0.0553 0.6752 0.2110
vt 0.5000 0.5
v 0.0392 0.6498 0.2171
vt 0.5000 0.5
v 0.0342 0.6560 0.1998
vt 0.5000 0.5
v 0.0465 0.6617 0.2088
vt 0.5000 0.5
v 0.0273 0.6398 0.2283
vt 0.5000 0.5
v 0.0232 0.6435 0.2090
vt 0.5000 0.5
v 0.0392 0.6498 0.2171
vt 0.5000 0.5
v 0.0131 0.6348 0.2402
vt 0.5000 0.5
v 0.0089 0.6353 0.2217
vt 0.5000 0.5
v 0.0273 0.6398 0.2283
vt 0.5000 0.5
v 0.0392 0.6498 0.2171
vt 0.5000 0.5
v 0.0232 0.6435 0.2090
vt 0.5000 0.5
v 0.0342 0.6560 0.1998
vt 0.5000 0.5
v 0.0232 0.6435 0.2090
vt 0.5000 0.5
v 0.0169 0.6526 0.1922
vt 0.5000 0.5
v 0.0342 0.6560 0.1998
vt 0.5000 0.5
v 0.0273 0.6398 0.2283
vt 0.5000 0.5
v 0.0089 0.6353 0.2217
vt 0.5000 0.5
v 0.0232 0.6435 0.2090
vt 0.5000 0.5
v 0.0089 0.6353 0.2217
vt 0.5000 0.5
v 0.0034 0.6420 0.2027
vt 0.5000 0.5
v 0.0232 0.6435 0.2090
vt 0.5000 0.5
v 0.0232 0.6435 0.2090
vt 0.5000 0.5
v 0.0034 0.6420 0.2027
vt 0.5000 0.5
v 0.0169 0.6526 0.1922
vt 0.5000 0.5
v 0.0034 0.6420 0.2027
vt 0.5000 0.5
v -0.0019 0.6533 0.1884
vt 0.5000 0.5
v 0.0169 0.6526 0.1922
vt 0.5000 0.5
v 0.0131 0.6348 0.2402
vt 0.5000 0.5
v -0.0050 0.6335 0.2344
vt 0.5000 0.5
v 0.0089 0.6353 0.2217
vt 0.5000 0.5
v -0.0050 0.6335 0.2344
vt 0.5000 0.5
v -0.0104 0.6369 0.2164
vt 0.5000 0.5
v 0.0089 0.6353 0.2217
vt 0.5000 0.5
v 0.0089 0.6353 0.2217
vt 0.5000 0.5
v -0.0104 0.6369 0.2164
vt 0.5000 0.5
v 0.0034 0.6420 0.2027
vt 0.5000 0.5
v -0.0104 0.6369 0.2164
vt 0.5000 0.5
v -0.0150 0.6458 0.2000
vt 0.5000 0.5
v 0.0034 0.6420 0.2027
vt 0.5000 0.5
v 0.0034 0.6420 0.2027
vt 0.5000 0.5
v -0.0150 0.6458 0.2000
vt 0.5000 0.5
v -0.0019 0.6533 0.1884
vt 0.5000 0.5
v -0.0150 0.6458 0.2000
vt 0.5000 0.5
v -0.0178 0.6569 0.1885
vt 0.5000 0.5
v -0.0019 0.6533 0.1884
vt 0.5000 0.5
v -0.0150 0.6458 0.2000
vt 0.5000 0.5
v -0.0311 0.6555 0.1977
vt 0.5000 0.5
v -0.0178 0.6569 0.1885
vt 0.5000 0.5
v -0.0104 0.6369 0.2164
vt 0.5000 0.5
v -0.0287 0.6445 0.2129
vt 0.5000 0.5
v -0.0150 0.6458 0.2000
vt 0.5000 0.5
v -0.0050 0.6335 0.2344
vt 0.5000 0.5
v -0.0232 0.6377 0.2319
vt 0.5000 0.5
v -0.0104 0.6369 0.2164
vt 0.5000 0.5
v -0.0150 0.6458 0.2000
vt 0.5000 0.5
v -0.0287 0.6445 0.2129
vt 0.5000 0.5
v -0.0311 0.6555 0.1977
vt 0.5000 0.5
v -0.0287 0.6445 0.2129
vt 0.5000 0.5
v -0.0442 0.6572 0.2115
vt 0.5000 0.5
v -0.0311 0.6555 0.1977
vt 0.5000 0.5
v -0.0104 0.6369 0.2164
vt 0.5000 0.5
v -0.0232 0.6377 0.2319
vt 0.5000 0.5
v -0.0287 0.6445 0.2129
vt 0.5000 0.5
v -0.0232 0.6377 0.2319
vt 0.5000 0.5
v -0.0410 0.6484 0.2293
vt 0.5000 0.5
v -0.0287 0.6445 0.2129
vt 0.5000 0.5
v -0.0287 0.6445 0.2129
vt 0.5000 0.5
v -0.0410 0.6484 0.2293
vt 0.5000 0.5
v -0.0442 0.6572 0.2115
vt 0.5000 0.5
v -0.0410 0.6484 0.2293
vt 0.5000 0.5
v -0.0534 0.6626 0.2275
vt 0.5000 0.5
v -0.0442 0.6572 0.2115
vt 0.5000 0.5
v -0.0050 0.6335 0.2344
vt 0.5000 0.5
v -0.0161 0.6370 0.2494
vt 0.5000 0.5
v -0.0232 0.6377 0.2319
vt 0.5000 0.5
v -0.0161 0.6370 0.2494
vt 0.5000 0.5
v -0.0338 0.6443 0.2476
vt 0.5000 0.5
v -0.0232 0.6377 0.2319
vt 0.5000 0.5
v -0.0232 0.6377 0.2319
vt 0.5000 0.5
v -0.0338 0.6443 0.2476
vt 0.5000 0.5
v -0.0410 0.6484 0.2293
vt 0.5000 0.5
v -0.0338 0.6443 0.2476
vt 0.5000 0.5
v -0.0484 0.6564 0.2448
vt 0.5000 0.5
v -0.0410 0.6484 0.2293
vt 0.5000 0.5
v -0.0410 0.6484 0.2293
vt 0.5000 0.5
v -0.0484 0.6564 0.2448
vt 0.5000 0.5
v -0.0534 0.6626 0.2275
vt 0.5000 0.5
v -0.0484 0.6564 0.2448
vt 0.5000 0.5
v -0.0575 0.6696 0.2416
vt 0.5000 0.5
v -0.0534 0.6626 0.2275
vt 0.5000 0.5
v -0.0484 0.6564 0.2448
vt 0.5000 0.5
v -0.0534 0.6697 0.2574
vt 0.5000 0.5
v -0.0575 0.6696 0.2416
vt 0.5000 0.5
v -0.0338 0.6443 0.2476
vt 0.5000 0.5
v -0.0410 0.6562 0.2622
vt 0.5000 0.5
v -0.0484 0.6564 0.2448
vt 0.5000 0.5
v -0.0161 0.6370 0.2494
vt 0.5000 0.5
v -0.0232 0.6455 0.2647
vt 0.5000 0.5
v -0.0338 0.6443 0.2476
vt 0.5000 0.5
v -0.0484 0.6564 0.2448
vt 0.5000 0.5
v -0.0410 0.6562 0.2622
vt 0.5000 0.5
v -0.0534 0.6697 0.2574
vt 0.5000 0.5
v -0.0410 0.6562 0.2622
vt 0.5000 0.5
v -0.0442 0.6721 0.2740
vt 0.5000 0.5
v -0.0534 0.6697 0.2574
vt 0.5000 0.5
v -0.0338 0.6443 0.2476
vt 0.5000 0.5
v -0.0232 0.6455 0.2647
vt 0.5000 0.5
v -0.0410 0.6562 0.2622
vt 0.5000 0.5
v -0.0232 0.6455 0.2647
vt 0.5000 0.5
v -0.0287 0.6601 0.2786
vt 0.5000 0.5
v -0.0410 0.6562 0.2622
vt 0.5000 0.5
v -0.0410 0.6562 0.2622
vt 0.5000 0.5
v -0.0287 0.6601 0.2786
vt 0.5000 0.5
v -0.0442 0.6721 0.2740
vt 0.5000 0.5
v -0.0287 0.6601 0.2786
vt 0.5000 0.5
v -0.0311 0.6768 0.2872
vt 0.5000 0.5
v -0.0442 0.6721 0.2740
vt 0.5000 0.5
v -0.0161 0.6370 0.2494
vt 0.5000 0.5
v -0.0050 0.6406 0.2643
vt 0.5000 0.5
v -0.0232 0.6455 0.2647
vt 0.5000 0.5
v -0.0050 0.6406 0.2643
vt 0.5000 0.5
v -0.0104 0.6518 0.2789
vt 0.5000 0.5
v -0.0232 0.6455 0.2647
vt 0.5000 0.5
v -0.0232 0.6455 0.2647
vt 0.5000 0.5
v -0.0104 0.6518 0.2789
vt 0.5000 0.5
v -0.0287 0.6601 0.2786
vt 0.5000 0.5
v -0.0104 0.6518 0.2789
vt 0.5000 0.5
v -0.0150 0.6671 0.2895
vt 0.5000 0.5
v -0.0287 0.6601 0.2786
vt 0.5000 0.5
v -0.0287 0.6601 0.2786
vt 0.5000 0.5
v -0.0150 0.6671 0.2895
vt 0.5000 0.5
v -0.0311 0.6768 0.2872
vt 0.5000 0.5
v -0.0150 0.6671 0.2895
vt 0.5000 0.5
v -0.0178 0.6822 0.2948
vt 0.5000 0.5
v -0.0311 0.6768 0.2872
vt 0.5000 0.5
v 0.0522 0.6617 0.2240
vt 0.5000 0.5
v 0.0392 0.6498 0.2171
vt 0.5000 0.5
v 0.0465 0.6617 0.2088
vt 0.5000 0.5
v 0.0546 0.6647 0.2428
vt 0.5000 0.5
v 0.0431 0.6499 0.2356
vt 0.5000 0.5
v 0.0522 0.6617 0.2240
vt 0.5000 0.5
v 0.0522 0.6705 0.2609
vt 0.5000 0.5
v 0.0431 0.6547 0.2559
vt 0.5000 0.5
v 0.0546 0.6647 0.2428
vt 0.5000 0.5
v 0.0522 0.6617 0.2240
vt 0.5000 0.5
v 0.0431 0.6499 0.2356
vt 0.5000 0.5
v 0.0392 0.6498 0.2171
vt 0.5000 0.5
v 0.0431 0.6499 0.2356
vt 0.5000 0.5
v 0.0273 0.6398 0.2283
vt 0.5000 0.5
v 0.0392 0.6498 0.2171
vt 0.5000 0.5
v 0.0546 0.6647 0.2428
vt 0.5000 0.5
v 0.0431 0.6547 0.2559
vt 0.5000 0.5
v 0.0431 0.6499 0.2356
vt 0.5000 0.5
v 0.0431 0.6547 0.2559
vt 0.5000 0.5
v 0.0287 0.6416 0.2483
vt 0.5000 0.5
v 0.0431 0.6499 0.2356
vt 0.5000 0.5
v 0.0431 0.6499 0.2356
vt 0.5000 0.5
v 0.0287 0.6416 0.2483
vt 0.5000 0.5
v 0.0273 0.6398 0.2283
vt 0.5000 0.5
v 0.0287 0.6416 0.2483
vt 0.5000 0.5
v 0.0131 0.6348 0.2402
vt 0.5000 0.5
v 0.0273 0.6398 0.2283
vt 0.5000 0.5
v 0.0522 0.6705 0.2609
vt 0.5000 0.5
v 0.0392 0.6630 0.2724
vt 0.5000 0.5
v 0.0431 0.6547 0.2559
vt 0.5000 0.5
v 0.0392 0.6630 0.2724
vt 0.5000 0.5
v 0.0273 0.6489 0.2669
vt 0.5000 0.5
v 0.0431 0.6547 0.2559
vt 0.5000 0.5
v 0.0431 0.6547 0.2559
vt 0.5000 0.5
v 0.0273 0.6489 0.2669
vt 0.5000 0.5
v 0.0287 0.6416 0.2483
vt 0.5000 0.5
v 0.0273 0.6489 0.2669
vt 0.5000 0.5
v 0.0131 0.6392 0.2586
vt 0.5000 0.5
v 0.0287 0.6416 0.2483
vt 0.5000 0.5
v 0.0287 0.6416 0.2483
vt 0.5000 0.5
v 0.0131 0.6392 0.2586
vt 0.5000 0.5
v 0.0131 0.6348 0.2402
vt 0.5000 0.5
v 0.0131 0.6392 0.2586
vt 0.5000 0.5
v 0.0000 0.6350 0.2499
vt 0.5000 0.5
v 0.0131 0.6348 0.2402
vt 0.5000 0.5
v -0.0150 0.6671 0.2895
vt 0.5000 0.5
v -0.0019 0.6790 0.2965
vt 0.5000 0.5
v -0.0178 0.6822 0.2948
vt 0.5000 0.5
v -0.0104 0.6518 0.2789
vt 0.5000 0.5
v 0.0034 0.6625 0.2888
vt 0.5000 0.5
v -0.0150 0.6671 0.2895
vt 0.5000 0.5
v -0.0050 0.6406 0.2643
vt 0.5000 0.5
v 0.0089 0.6479 0.2749
vt 0.5000 0.5
v -0.0104 0.6518 0.2789
vt 0.5000 0.5
v -0.0150 0.6671 0.2895
vt 0.5000 0.5
v 0.0034 0.6625 0.2888
vt 0.5000 0.5
v -0.0019 0.6790 0.2965
vt 0.5000 0.5
v 0.0034 0.6625 0.2888
vt 0.5000 0.5
v 0.0169 0.6767 0.2934
vt 0.5000 0.5
v -0.0019 0.6790 0.2965
vt 0.5000 0.5
v -0.0104 0.6518 0.2789
vt 0.5000 0.5
v 0.0089 0.6479 0.2749
vt 0.5000 0.5
v 0.0034 0.6625 0.2888
vt 0.5000 0.5
v 0.0089 0.6479 0.2749
vt 0.5000 0.5
v 0.0232 0.6610 0.2825
vt 0.5000 0.5
v 0.0034 0.6625 0.2888
vt 0.5000 0.5
v 0.0034 0.6625 0.2888
vt 0.5000 0.5
v 0.0232 0.6610 0.2825
vt 0.5000 0.5
v 0.0169 0.6767 0.2934
vt 0.5000 0.5
v 0.0232 0.6610 0.2825
vt 0.5000 0.5
v 0.0342 0.6763 0.2851
vt 0.5000 0.5
v 0.0169 0.6767 0.2934
vt 0.5000 0.5
v -0.0050 0.6406 0.2643
vt 0.5000 0.5
v 0.0131 0.6392 0.2586
vt 0.5000 0.5
v 0.0089 0.6479 0.2749
vt 0.5000 0.5
v 0.0131 0.6392 0.2586
vt 0.5000 0.5
v 0.0273 0.6489 0.2669
vt 0.5000 0.5
v 0.0089 0.6479 0.2749
vt 0.5000 0.5
v 0.0089 0.6479 0.2749
vt 0.5000 0.5
v 0.0273 0.6489 0.2669
vt 0.5000 0.5
v 0.0232 0.6610 0.2825
vt 0.5000 0.5
v 0.0273 0.6489 0.2669
vt 0.5000 0.5
v 0.0392 0.6630 0.2724
vt 0.5000 0.5
v 0.0232 0.6610 0.2825
vt 0.5000 0.5
v 0.0232 0.6610 0.2825
vt 0.5000 0.5
v 0.0392 0.6630 0.2724
vt 0.5000 0.5
v 0.0342 0.6763 0.2851
vt 0.5000 0.5
v 0.0392 0.6630 0.2724
vt 0.5000 0.5
v 0.0465 0.6774 0.2745
vt 0.5000 0.5
v 0.0342 0.6763 0.2851
vt 0.5000 0.5
f 3005/3005 3006/3006 3007/3007
f 3008/3008 3009/3009 3010/3010
f 3011/3011 3012/3012 3013/3013
f 3014/3014 3015/3015 3016/3016
f 3017/3017 3018/3018 3019/3019
f 3020/3020 3021/3021 3022/3022
f 3023/3023 3024/3024 3025/3025
f 3026/3026 3027/3027 3028/3028
f 3029/3029 3030/3030 3031/3031
f 3032/3032 3033/3033 3034/3034
f 3035/3035 3036/3036 3037/3037
f 3038/3038 3039/3039 3040/3040
f 3041/3041 3042/3042 3043/3043
f 3044/3044 3045/3045 3046/3046
f 3047/3047 3048/3048 3049/3049
f 3050/3050 3051/3051 3052/3052
f 3053/3053 3054/3054 3055/3055
f 3056/3056 3057/3057 3058/3058
f 3059/3059 3060/3060 3061/3061
f 3062/3062 3063/3063 3064/3064
f 3065/3065 3066/3066 3067/3067
f 3068/3068 3069/3069 3070/3070
f 3071/3071 3072/3072 3073/3073
f 3074/3074 3075/3075 3076/3076
f 3077/3077 3078/3078 3079/3079
f 3080/3080 3081/3081 3082/3082
f 3083/3083 3084/3084 3085/3085
f 3086/3086 3087/3087 3088/3088
f 3089/3089 3090/3090 3091/3091
f 3092/3092 3093/3093 3094/3094
f 3095/3095 3096/3096 3097/3097
f 3098/3098 3099/3099 3100/3100
f 3101/3101 3102/3102 3103/3103
f 3104/3104 3105/3105 3106/3106
f 3107/3107 3108/3108 3109/3109
f 3110/3110 3111/3111 3112/3112
f 3113/3113 3114/3114 3115/3115
f 3116/3116 3117/3117 3118/3118
f 3119/3119 3120/3120 3121/3121
f 3122/3122 3123/3123 3124/3124
f 3125/3125 3126/3126 3127/3127
f 3128/3128 3129/3129 3130/3130
f 3131/3131 3132/3132 3133/3133
f 3134/3134 3135/3135 3136/3136
f 3137/3137 3138/3138 3139/3139
f 3140/3140 3141/3141 3142/3142
f 3143/3143 3144/3144 3145/3145
f 3146/3146 3147/3147 3148/3148
f 3149/3149 3150/3150 3151/3151
f 3152/3152 3153/3153 3154/3154
f 3155/3155 3156/3156 3157/3157
f 3158/3158 3159/3159 3160/3160
f 3161/3161 3162/3162 3163/3163
f 3164/3164 3165/3165 3166/3166
f 3167/3167 3168/3168 3169/3169
f 3170/3170 3171/3171 3172/3172
f 3173/3173 3174/3174 3175/3175
f 3176/3176 3177/3177 3178/3178
f 3179/3179 3180/3180 3181/3181
f 3182/3182 3183/3183 3184/3184
f 3185/3185 3186/3186 3187/3187
f 3188/3188 3189/3189 3190/3190
f 3191/3191 3192/3192 3193/3193
f 3194/3194 3195/3195 3196/3196
f 3197/3197 3198/3198 3199/3199
f 3200/3200 3201/3201 3202/3202
f 3203/3203 3204/3204 3205/3205
f 3206/3206 3207/3207 3208/3208
f 3209/3209 3210/3210 3211/3211
f 3212/3212 3213/3213 3214/3214
f 3215/3215 3216/3216 3217/3217
f 3218/3218 3219/3219 3220/3220
f 3221/3221 3222/3222 3223/3223
f 3224/3224 3225/3225 3226/3226
f 3227/3227 3228/3228 3229/3229
f 3230/3230 3231/3231 3232/3232
f 3233/3233 3234/3234 3235/3235
f 3236/3236 3237/3237 3238/3238
f 3239/3239 3240/3240 3241/3241
f 3242/3242 3243/3243 3244/3244
f 3245/3245 3246/3246 3247/3247
f 3248/3248 3249/3249 3250/3250
f 3251/3251 3252/3252 3253/3253
f 3254/3254 3255/3255 3256/3256
f 3257/3257 3258/3258 3259/3259
f 3260/3260 3261/3261 3262/3262
f 3263/3263 3264/3264 3265/3265
f 3266/3266 3267/3267 3268/3268
f 3269/3269 3270/3270 3271/3271
f 3272/3272 3273/3273 3274/3274
f 3275/3275 3276/3276 3277/3277
f 3278/3278 3279/3279 3280/3280
f 3281/3281 3282/3282 3283/3283
f 3284/3284 3285/3285 3286/3286
f 3287/3287 3288/3288 3289/3289
f 3290/3290 3291/3291 3292/3292
f 3293/3293 3294/3294 3295/3295
f 3296/3296 3297/3297 3298/3298
f 3299/3299 3300/3300 3301/3301
f 3302/3302 3303/3303 3304/3304
f 3305/3305 3306/3306 3307/3307
f 3308/3308 3309/3309 3310/3310
f 3311/3311 3312/3312 3313/3313
f 3314/3314 3315/3315 3316/3316
f 3317/3317 3318/3318 3319/3319
f 3320/3320 3321/3321 3322/3322
f 3323/3323 3324/3324 3325/3325
f 3326/3326 3327/3327 3328/3328
f 3329/3329 3330/3330 3331/3331
f 3332/3332 3333/3333 3334/3334
f 3335/3335 3336/3336 3337/3337
f 3338/3338 3339/3339 3340/3340
f 3341/3341 3342/3342 3343/3343
f 3344/3344 3345/3345 3346/3346
f 3347/3347 3348/3348 3349/3349
f 3350/3350 3351/3351 3352/3352
f 3353/3353 3354/3354 3355/3355
f 3356/3356 3357/3357 3358/3358
f 3359/3359 3360/3360 3361/3361
f 3362/3362 3363/3363 3364/3364
f 3365/3365 3366/3366 3367/3367
f 3368/3368 3369/3369 3370/3370
f 3371/3371 3372/3372 3373/3373
f 3374/3374 3375/3375 3376/3376
f 3377/3377 3378/3378 3379/3379
f 3380/3380 3381/3381 3382/3382
f 3383/3383 3384/3384 3385/3385
f 3386/3386 3387/3387 3388/3388
f 3389/3389 3390/3390 3391/3391
f 3392/3392 3393/3393 3394/3394
f 3395/3395 3396/3396 3397/3397
f 3398/3398 3399/3399 3400/3400
f 3401/3401 3402/3402 3403/3403
f 3404/3404 3405/3405 3406/3406
f 3407/3407 3408/3408 3409/3409
f 3410/3410 3411/3411 3412/3412
f 3413/3413 3414/3414 3415/3415
f 3416/3416 3417/3417 3418/3418
f 3419/3419 3420/3420 3421/3421
f 3422/3422 3423/3423 3424/3424
f 3425/3425 3426/3426 3427/3427
f 3428/3428 3429/3429 3430/3430
f 3431/3431 3432/3432 3433/3433
f 3434/3434 3435/3435 3436/3436
f 3437/3437 3438/3438 3439/3439
f 3440/3440 3441/3441 3442/3442
f 3443/3443 3444/3444 3445/3445
f 3446/3446 3447/3447 3448/3448
f 3449/3449 3450/3450 3451/3451
f 3452/3452 3453/3453 3454/3454
f 3455/3455 3456/3456 3457/3457
f 3458/3458 3459/3459 3460/3460
f 3461/3461 3462/3462 3463/3463
f 3464/3464 3465/3465 3466/3466
f 3467/3467 3468/3468 3469/3469
f 3470/3470 3471/3471 3472/3472
f 3473/3473 3474/3474 3475/3475
f 3476/3476 3477/3477 3478/3478
f 3479/3479 3480/3480 3481/3481
f 3482/3482 3483/3483 3484/3484
f 3485/3485 3486/3486 3487/3487
f 3488/3488 3489/3489 3490/3490
f 3491/3491 3492/3492 3493/3493
f 3494/3494 3495/3495 3496/3496
f 3497/3497 3498/3498 3499/3499
f 3500/3500 3501/3501 3502/3502
f 3503/3503 3504/3504 3505/3505
f 3506/3506 3507/3507 3508/3508
f 3509/3509 3510/3510 3511/3511
f 3512/3512 3513/3513 3514/3514
f 3515/3515 3516/3516 3517/3517
f 3518/3518 3519/3519 3520/3520
f 3521/3521 3522/3522 3523/3523
f 3524/3524 3525/3525 3526/3526
f 3527/3527 3528/3528 3529/3529
f 3530/3530 3531/3531 3532/3532
f 3533/3533 3534/3534 3535/3535
f 3536/3536 3537/3537 3538/3538
f 3539/3539 3540/3540 3541/3541
f 3542/3542 3543/3543 3544/3544
f 3545/3545 3546/3546 3547/3547
f 3548/3548 3549/3549 3550/3550
f 3551/3551 3552/3552 3553/3553
f 3554/3554 3555/3555 3556/3556
f 3557/3557 3558/3558 3559/3559
f 3560/3560 3561/3561 3562/3562
f 3563/3563 3564/3564 3565/3565
f 3566/3566 3567/3567 3568/3568
f 3569/3569 3570/3570 3571/3571
f 3572/3572 3573/3573 3574/3574
f 3575/3575 3576/3576 3577/3577
f 3578/3578 3579/3579 3580/3580
f 3581/3581 3582/3582 3583/3583
f 3584/3584 3585/3585 3586/3586
f 3587/3587 3588/3588 3589/3589
f 3590/3590 3591/3591 3592/3592
f 3593/3593 3594/3594 3595/3595
f 3596/3596 3597/3597 3598/3598
f 3599/3599 3600/3600 3601/3601
f 3602/3602 3603/3603 3604/3604
f 3605/3605 3606/3606 3607/3607
f 3608/3608 3609/3609 3610/3610
f 3611/3611 3612/3612 3613/3613
f 3614/3614 3615/3615 3616/3616
f 3617/3617 3618/3618 3619/3619
f 3620/3620 3621/3621 3622/3622
f 3623/3623 3624/3624 3625/3625
f 3626/3626 3627/3627 3628/3628
f 3629/3629 3630/3630 3631/3631
f 3632/3632 3633/3633 3634/3634
f 3635/3635 3636/3636 3637/3637
f 3638/3638 3639/3639 3640/3640
f 3641/3641 3642/3642 3643/3643
f 3644/3644 3645/3645 3646/3646
f 3647/3647 3648/3648 3649/3649
f 3650/3650 3651/3651 3652/3652
f 3653/3653 3654/3654 3655/3655
f 3656/3656 3657/3657 3658/3658
f 3659/3659 3660/3660 3661/3661
f 3662/3662 3663/3663 3664/3664
f 3665/3665 3666/3666 3667/3667
f 3668/3668 3669/3669 3670/3670
f 3671/3671 3672/3672 3673/3673
f 3674/3674 3675/3675 3676/3676
f 3677/3677 3678/3678 3679/3679
f 3680/3680 3681/3681 3682/3682
f 3683/3683 3684/3684 3685/3685
f 3686/3686 3687/3687 3688/3688
f 3689/3689 3690/3690 3691/3691
f 3692/3692 3693/3693 3694/3694
f 3695/3695 3696/3696 3697/3697
f 3698/3698 3699/3699 3700/3700
f 3701/3701 3702/3702 3703/3703
f 3704/3704 3705/3705 3706/3706
f 3707/3707 3708/3708 3709/3709
f 3710/3710 3711/3711 3712/3712
f 3713/3713 3714/3714 3715/3715
f 3716/3716 3717/3717 3718/3718
f 3719/3719 3720/3720 3721/3721
f 3722/3722 3723/3723 3724/3724
f 3725/3725 3726/3726 3727/3727
f 3728/3728 3729/3729 3730/3730
f 3731/3731 3732/3732 3733/3733
f 3734/3734 3735/3735 3736/3736
f 3737/3737 3738/3738 3739/3739
f 3740/3740 3741/3741 3742/3742
f 3743/3743 3744/3744 3745/3745
f 3746/3746 3747/3747 3748/3748
f 3749/3749 3750/3750 3751/3751
f 3752/3752 3753/3753 3754/3754
f 3755/3755 3756/3756 3757/3757
f 3758/3758 3759/3759 3760/3760
f 3761/3761 3762/3762 3763/3763
f 3764/3764 3765/3765 3766/3766
f 3767/3767 3768/3768 3769/3769
f 3770/3770 3771/3771 3772/3772
f 3773/3773 3774/3774 3775/3775
f 3776/3776 3777/3777 3778/3778
f 3779/3779 3780/3780 3781/3781
f 3782/3782 3783/3783 3784/3784
f 3785/3785 3786/3786 3787/3787
f 3788/3788 3789/3789 3790/3790
f 3791/3791 3792/3792 3793/3793
f 3794/3794 3795/3795 3796/3796
f 3797/3797 3798/3798 3799/3799
f 3800/3800 3801/3801 3802/3802
f 3803/3803 3804/3804 3805/3805
f 3806/3806 3807/3807 3808/3808
f 3809/3809 3810/3810 3811/3811
f 3812/3812 3813/3813 3814/3814
f 3815/3815 3816/3816 3817/3817
f 3818/3818 3819/3819 3820/3820
f 3821/3821 3822/3822 3823/3823
f 3824/3824 3825/3825 3826/3826
f 3827/3827 3828/3828 3829/3829
f 3830/3830 3831/3831 3832/3832
f 3833/3833 3834/3834 3835/3835
f 3836/3836 3837/3837 3838/3838
f 3839/3839 3840/3840 3841/3841
f 3842/3842 3843/3843 3844/3844
f 3845/3845 3846/3846 3847/3847
f 3848/3848 3849/3849 3850/3850
f 3851/3851 3852/3852 3853/3853
f 3854/3854 3855/3855 3856/3856
f 3857/3857 3858/3858 3859/3859
f 3860/3860 3861/3861 3862/3862
f 3863/3863 3864/3864 3865/3865
f 3866/3866 3867/3867 3868/3868
f 3869/3869 3870/3870 3871/3871
f 3872/3872 3873/3873 3874/3874
f 3875/3875 3876/3876 3877/3877
f 3878/3878 3879/3879 3880/3880
f 3881/3881 3882/3882 3883/3883
f 3884/3884 3885/3885 3886/3886
f 3887/3887 3888/3888 3889/3889
f 3890/3890 3891/3891 3892/3892
f 3893/3893 3894/3894 3895/3895
f 3896/3896 3897/3897 3898/3898
f 3899/3899 3900/3900 3901/3901
f 3902/3902 3903/3903 3904/3904
f 3905/3905 3906/3906 3907/3907
f 3908/3908 3909/3909 3910/3910
f 3911/3911 3912/3912 3913/3913
f 3914/3914 3915/3915 3916/3916
f 3917/3917 3918/3918 3919/3919
f 3920/3920 3921/3921 3922/3922
f 3923/3923 3924/3924 3925/3925
f 3926/3926 3927/3927 3928/3928
f 3929/3929 3930/3930 3931/3931
f 3932/3932 3933/3933 3934/3934
f 3935/3935 3936/3936 3937/3937
f 3938/3938 3939/3939 3940/3940
f 3941/3941 3942/3942 3943/3943
f 3944/3944 3945/3945 3946/3946
f 3947/3947 3948/3948 3949/3949
f 3950/3950 3951/3951 3952/3952
f 3953/3953 3954/3954 3955/3955
f 3956/3956 3957/3957 3958/3958
f 3959/3959 3960/3960 3961/3961
f 3962/3962 3963/3963 3964/3964
v -0.0123 0.5021 -0.3302
vt 0.8333 0.5
v -0.0123 0.1212 0.0157
vt 0.8333 0.5
v -0.0123 0.1310 0.0265
vt 0.8333 0.5
v -0.0123 0.5118 -0.3194
vt 0.8333 0.5
v 0.0123 0.5021 -0.3302
vt 0.8333 0.5
v 0.0123 0.1212 0.0157
vt 0.8333 0.5
v -0.0123 0.1212 0.0157
vt 0.8333 0.5
v -0.0123 0.5021 -0.3302
vt 0.8333 0.5
v 0.0123 0.1310 0.0265
vt 0.8333 0.5
v 0.0123 0.1212 0.0157
vt 0.8333 0.5
v 0.0123 0.5021 -0.3302
vt 0.8333 0.5
v 0.0123 0.5118 -0.3194
vt 0.8333 0.5
v -0.0123 0.5118 -0.3194
vt 0.8333 0.5
v -0.0123 0.1310 0.0265
vt 0.8333 0.5
v 0.0123 0.1310 0.0265
vt 0.8333 0.5
v 0.0123 0.5118 -0.3194
vt 0.8333 0.5
v -0.0123 0.1310 0.0265
vt 0.8333 0.5
v -0.0123 0.1212 0.0157
vt 0.8333 0.5
v 0.0123 0.1212 0.0157
vt 0.8333 0.5
v 0.0123 0.1310 0.0265
vt 0.8333 0.5
v 0.0123 0.5118 -0.3194
vt 0.8333 0.5
v 0.0123 0.5021 -0.3302
vt 0.8333 0.5
v -0.0123 0.5021 -0.3302
vt 0.8333 0.5
v -0.0123 0.5118 -0.3194
vt 0.8333 0.5
v -0.0123 0.4835 -0.3506
vt 0.8333 0.5
v -0.0123 0.1027 -0.0047
vt 0.8333 0.5
v -0.0123 0.1125 0.0061
vt 0.8333 0.5
v -0.0123 0.4933 -0.3398
vt 0.8333 0.5
v -0.0123 0.4933 -0.3398
vt 0.8333 0.5
v -0.0123 0.1125 0.0061
vt 0.8333 0.5
v 0.0123 0.1125 0.0061
vt 0.8333 0.5
v 0.0123 0.4933 -0.3398
vt 0.8333 0.5
v 0.0123 0.1125 0.0061
vt 0.8333 0.5
v 0.0123 0.1027 -0.0047
vt 0.8333 0.5
v 0.0123 0.4835 -0.3506
vt 0.8333 0.5
v 0.0123 0.4933 -0.3398
vt 0.8333 0.5
v 0.0123 0.4835 -0.3506
vt 0.8333 0.5
v 0.0123 0.1027 -0.0047
vt 0.8333 0.5
v -0.0123 0.1027 -0.0047
vt 0.8333 0.5
v -0.0123 0.4835 -0.3506
vt 0.8333 0.5
v -0.0123 0.1125 0.0061
vt 0.8333 0.5
v -0.0123 0.1027 -0.0047
vt 0.8333 0.5
v 0.0123 0.1027 -0.0047
vt 0.8333 0.5
v 0.0123 0.1125 0.0061
vt 0.8333 0.5
v 0.0123 0.4933 -0.3398
vt 0.8333 0.5
v 0.0123 0.4835 -0.3506
vt 0.8333 0.5
v -0.0123 0.4835 -0.3506
vt 0.8333 0.5
v -0.0123 0.4933 -0.3398
vt 0.8333 0.5
v 0.0123 0.7378 0.1171
vt 0.8333 0.5
v 0.0123 0.4762 -0.3259
vt 0.8333 0.5
v 0.0123 0.4887 -0.3333
vt 0.8333 0.5
v 0.0123 0.7502 0.1097
vt 0.8333 0.5
v 0.0123 0.7502 0.1097
vt 0.8333 0.5
v 0.0123 0.4887 -0.3333
vt 0.8333 0.5
v -0.0123 0.4887 -0.3333
vt 0.8333 0.5
v -0.0123 0.7502 0.1097
vt 0.8333 0.5
v -0.0123 0.4887 -0.3333
vt 0.8333 0.5
v -0.0123 0.4762 -0.3259
vt 0.8333 0.5
v -0.0123 0.7378 0.1171
vt 0.8333 0.5
v -0.0123 0.7502 0.1097
vt 0.8333 0.5
v -0.0123 0.4762 -0.3259
vt 0.8333 0.5
v 0.0123 0.4762 -0.3259
vt 0.8333 0.5
v 0.0123 0.7378 0.1171
vt 0.8333 0.5
v -0.0123 0.7378 0.1171
vt 0.8333 0.5
v -0.0123 0.7502 0.1097
vt 0.8333 0.5
v -0.0123 0.7378 0.1171
vt 0.8333 0.5
v 0.0123 0.7378 0.1171
vt 0.8333 0.5
v 0.0123 0.7502 0.1097
vt 0.8333 0.5
v 0.0123 0.4887 -0.3333
vt 0.8333 0.5
v 0.0123 0.4762 -0.3259
vt 0.8333 0.5
v -0.0123 0.4762 -0.3259
vt 0.8333 0.5
v -0.0123 0.4887 -0.3333
vt 0.8333 0.5
v 0.0123 0.7615 0.1031
vt 0.8333 0.5
v 0.0123 0.4999 -0.3399
vt 0.8333 0.5
v 0.0123 0.5124 -0.3473
vt 0.8333 0.5
v 0.0123 0.7740 0.0957
vt 0.8333 0.5
v -0.0123 0.7615 0.1031
vt 0.8333 0.5
v -0.0123 0.4999 -0.3399
vt 0.8333 0.5
v 0.0123 0.4999 -0.3399
vt 0.8333 0.5
v 0.0123 0.7615 0.1031
vt 0.8333 0.5
v -0.0123 0.5124 -0.3473
vt 0.8333 0.5
v -0.0123 0.4999 -0.3399
vt 0.8333 0.5
v -0.0123 0.7615 0.1031
vt 0.8333 0.5
v -0.0123 0.7740 0.0957
vt 0.8333 0.5
v 0.0123 0.7740 0.0957
vt 0.8333 0.5
v 0.0123 0.5124 -0.3473
vt 0.8333 0.5
v -0.0123 0.5124 -0.3473
vt 0.8333 0.5
v -0.0123 0.7740 0.0957
vt 0.8333 0.5
v -0.0123 0.7740 0.0957
vt 0.8333 0.5
v -0.0123 0.7615 0.1031
vt 0.8333 0.5
v 0.0123 0.7615 0.1031
vt 0.8333 0.5
v 0.0123 0.7740 0.0957
vt 0.8333 0.5
v 0.0123 0.5124 -0.3473
vt 0.8333 0.5
v 0.0123 0.4999 -0.3399
vt 0.8333 0.5
v -0.0123 0.4999 -0.3399
vt 0.8333 0.5
v -0.0123 0.5124 -0.3473
vt 0.8333 0.5
f 3965/3965 3966/3966 3967/3967
f 3965/3965 3967/3967 3968/3968
f 3969/3969 3970/3970 3971/3971
f 3969/3969 3971/3971 3972/3972
f 3973/3973 3974/3974 3975/3975
f 3976/3976 3973/3973 3975/3975
f 3977/3977 3978/3978 3979/3979
f 3977/3977 3979/3979 3980/3980
f 3981/3981 3982/3982 3983/3983
f 3981/3981 3983/3983 3984/3984
f 3985/3985 3986/3986 3987/3987
f 3985/3985 3987/3987 3988/3988
f 3989/3989 3990/3990 3991/3991
f 3989/3989 3991/3991 3992/3992
f 3993/3993 3994/3994 3995/3995
f 3993/3993 3995/3995 3996/3996
f 3997/3997 3998/3998 3999/3999
f 4000/4000 3997/3997 3999/3999
f 4001/4001 4002/4002 4003/4003
f 4001/4001 4003/4003 4004/4004
f 4005/4005 4006/4006 4007/4007
f 4005/4005 4007/4007 4008/4008
f 4009/4009 4010/4010 4011/4011
f 4009/4009 4011/4011 4012/4012
f 4013/4013 4014/4014 4015/4015
f 4013/4013 4015/4015 4016/4016
f 4017/4017 4018/4018 4019/4019
f 4017/4017 4019/4019 4020/4020
f 4021/4021 4022/4022 4023/4023
f 4024/4024 4021/4021 4023/4023
f 4025/4025 4026/4026 4027/4027
f 4028/4028 4025/4025 4027/4027
f 4029/4029 4030/4030 4031/4031
f 4029/4029 4031/4031 4032/4032
f 4033/4033 4034/4034 4035/4035
f 4033/4033 4035/4035 4036/4036
f 4037/4037 4038/4038 4039/4039
f 4037/4037 4039/4039 4040/4040
f 4041/4041 4042/4042 4043/4043
f 4041/4041 4043/4043 4044/4044
f 4045/4045 4046/4046 4047/4047
f 4048/4048 4045/4045 4047/4047
f 4049/4049 4050/4050 4051/4051
f 4049/4049 4051/4051 4052/4052
f 4053/4053 4054/4054 4055/4055
f 4053/4053 4055/4055 4056/4056
f 4057/4057 4058/4058 4059/4059
f 4057/4057 4059/4059 4060/4060
